
-- ao_USER
INSERT INTO ao_USER (USERNAME, PASSWORD, ENABLED,login,KTA) VALUES ('admin@gmail.com','12345',1,'login',0);
INSERT INTO ao_USER (USERNAME, PASSWORD, ENABLED,login,KTA) VALUES ('roleuser@outlook.com','12345',1,'login',462);
INSERT INTO ao_USER (USERNAME, PASSWORD, ENABLED,login,KTA) VALUES ('javastudy@outlook.com','12345',1,'login',462);
INSERT INTO ao_USER (USERNAME, PASSWORD, ENABLED,login,KTA) VALUES ('superuser@outlook.com','12345',1,'login',31);

INSERT INTO ao_USER (IDUSER,USERname,login,password,KTA, ENABLED)
VALUES (51,'ПИНЧУК В.П.','login51','pwd51',51,1);

INSERT INTO ao_USER (IDUSER,USERname,login,password,KTA, ENABLED)
VALUES (31,'ВИТМАРК','login51','pwd31',31,1);

INSERT INTO ao_USER (IDUSER,USERname,login,password,KTA, ENABLED)
VALUES (364,'БУДЯК Т.И.','login364','pwd364',364,1);

INSERT INTO ao_USER (IDUSER,USERname,login,password,KTA, ENABLED)
VALUES (461,'ФИЛИАЛ ШОСТКА','login461','pwd461',461,1);

INSERT INTO ao_USER (IDUSER,USERname,login,password,KTA, ENABLED)
VALUES (462,'КОДЕНЕЦ А.Н.','login462','pwd462',462,1);


-- INSERT INTO s_tag (KOD,FIO,KTAS) VALUES (469,'ГРЕК А.Ю.',31);
-- INSERT INTO s_tag (KOD,FIO,KTAS) VALUES (535,'САВЧЕНКО И.С.',31);
-- INSERT INTO s_tag (KOD,FIO,KTAS) VALUES (559,'КАНИВЕЦ Ю.О.',31);
-- INSERT INTO s_tag (KOD,FIO,KTAS) VALUES (592,'БУГАЕНКО А.Ю.',31);
-- INSERT INTO s_tag (KOD,FIO,KTAS) VALUES (594,'ЯРЕМЕНКО Е.Л.',31);
INSERT INTO ao_AUTHORITIES (USERname, AUTHORITY) VALUES ('admin@gmail.com','ROLE_ADMIN');
INSERT INTO ao_AUTHORITIES (USERname, AUTHORITY) VALUES ('roleuser@outlook.com','ROLE_USER');
INSERT INTO ao_AUTHORITIES (USERname, AUTHORITY) VALUES ('superuser@outlook.com','ROLE_SUPER_USER');
-- ao_tov
INSERT INTO ao_tov (MnTov,NAT,OsFo,NEI,CenPr) VALUES (5070017,'НАШ СIК 0.95л ВИНОГРАД-ЯБЛУКО т/п',399.000,'шт',15.500);
INSERT INTO ao_tov (MnTov,NAT,OsFo,NEI,CenPr) VALUES (5070023,'НАШ СIК 0.95л ЯБЛУКО-МОРКВА т/п',81.000,'шт',15.500);
INSERT INTO ao_tov (MnTov,NAT,OsFo,NEI,CenPr) VALUES (5070026,'НАШ СIК 0.95л ПЕРСИК т/п',147.000,'шт',15.500);
INSERT INTO ao_tov (MnTov,NAT,OsFo,NEI,CenPr) VALUES (5070031,'НАШ СIК 0.95л ЯБЛУКО-ПОЛУНИЦЯ т/п',65.000,'шт',15.500);
INSERT INTO ao_tov (MnTov,NAT,OsFo,NEI,CenPr) VALUES (5070034,'НАШ СIК 1.43л ЯБЛУКО нектар т/п',17.000,'шт',20.050);
INSERT INTO ao_tov (MnTov,NAT,OsFo,NEI,CenPr) VALUES (5070061,'НАШ СIК 0.2л ПЕРСИК т/п',188.000,'шт',5.500);
INSERT INTO ao_tov (MnTov,NAT,OsFo,NEI,CenPr) VALUES (5070064,'НАШ СIК 0.95л МУЛЬТИВIТАМIН т/п',143.000,'шт',15.500);
INSERT INTO ao_tov (MnTov,NAT,OsFo,NEI,CenPr) VALUES (5070065,'НАШ СIК 0.95л ТОМАТ т/п',263.000,'шт',15.500);
INSERT INTO ao_tov (MnTov,NAT,OsFo,NEI,CenPr) VALUES (5070075,'НАШ СIК 0.2л ВИНОГРАД-ЯБЛУКО т/п',317.000,'шт',5.500);
INSERT INTO ao_tov (MnTov,NAT,OsFo,NEI,CenPr) VALUES (5070080,'НАШ СIК 0.2л МУЛЬТИВIТАМIН т/п',152.000,'шт',5.500);
INSERT INTO ao_tov (MnTov,NAT,OsFo,NEI,CenPr) VALUES (5070099,'НАШ СIК 0.2л ЯБЛУКО-МОРКВА т/п',117.000,'шт',5.500);
INSERT INTO ao_tov (MnTov,NAT,OsFo,NEI,CenPr) VALUES (5070154,'НАШ СIК 0.95л МУЛЬТИФРУКТ т/п',222.000,'шт',15.500);
INSERT INTO ao_tov (MnTov,NAT,OsFo,NEI,CenPr) VALUES (5070174,'НАШ СIК 0.33л ВИНОГРАД-ЯБЛУКО т/п',133.000,'шт',8.700);
INSERT INTO ao_tov (MnTov,NAT,OsFo,NEI,CenPr) VALUES (5070177,'НАШ СIК 0.33л ЯБЛУКО нектар т/п',23.000,'шт',8.700);
INSERT INTO ao_tov (MnTov,NAT,OsFo,NEI,CenPr) VALUES (5070008,'AQUARTE ЗАХИСТ 0.5л АЦЕРОЛI-АПЕЛЬСИН пeт',0.000,'бут',9.400);
INSERT INTO ao_tov (MnTov,NAT,OsFo,NEI,CenPr) VALUES (5070142,'НАШ СIК 0.95л СЛИВА т/п',28.000,'шт',15.500);
INSERT INTO ao_tov (MnTov,NAT,OsFo,NEI,CenPr) VALUES (5070141,'НАШ СIК 0.95л АЙВА т/п',42.000,'шт',15.500);
INSERT INTO ao_tov (MnTov,NAT,OsFo,NEI,CenPr) VALUES (5070011,'AQUARTE ЕНЕРГIЯ 0.5л ГIБIСКУС-ГУАРАНА-ГРАНАТ пeт',0.000,'бут',9.400);
INSERT INTO ao_tov (MnTov,NAT,OsFo,NEI,CenPr) VALUES (5070160,'ЧУДО-ЧАДО СIК 0.2л ПЕРСИК т/п',33.000,'шт',7.050);
INSERT INTO ao_tov (MnTov,NAT,OsFo,NEI,CenPr) VALUES (5070198,'НАШ СIК 0.95л ВИШНЯ т/п',146.000,'шт',15.500);
INSERT INTO ao_tov (MnTov,NAT,OsFo,NEI,CenPr) VALUES (5070175,'НАШ СIК 0.33л МУЛЬТИФРУКТ т/п',120.000,'шт',8.700);
INSERT INTO ao_tov (MnTov,NAT,OsFo,NEI,CenPr) VALUES (5070118,'ЧУДО-ЧАДО ПЮРЕ 170г ГРУША-ЯБЛУКО б/цук с/б',62.000,'банка',12.900);
INSERT INTO ao_tov (MnTov,NAT,OsFo,NEI,CenPr) VALUES (5070156,'НАШ СIК 0.95л ГРУША т/п',18.000,'шт',15.500);
INSERT INTO ao_tov (MnTov,NAT,OsFo,NEI,CenPr) VALUES (5070063,'НАШ СIК 0.2л ЯБЛУКО нектар т/п',47.000,'шт',5.500);
INSERT INTO ao_tov (MnTov,NAT,OsFo,NEI,CenPr) VALUES (5070176,'НАШ СIК 0.33л ЯБЛУКО-ПОЛУНИЦЯ т/п',79.000,'шт',8.700);
INSERT INTO ao_tov (MnTov,NAT,OsFo,NEI,CenPr) VALUES (5070062,'НАШ СIК 0.2л ЯБЛУКО-ПОЛУНИЦЯ т/п',145.000,'шт',5.500);
INSERT INTO ao_tov (MnTov,NAT,OsFo,NEI,CenPr) VALUES (5070060,'НАШ СIК 0.2л МУЛЬТИФРУКТ т/п',328.000,'шт',5.500);
INSERT INTO ao_tov (MnTov,NAT,OsFo,NEI,CenPr) VALUES (5070197,'НАШ СIК 0.95л ВИНОГРАД-ЯБЛУКО КРАС. т/п',19.000,'шт',15.500);
INSERT INTO ao_tov (MnTov,NAT,OsFo,NEI,CenPr) VALUES (5070121,'ЧУДО-ЧАДО ПЮРЕ 170г ЯБЛУКО-АБРИКОС с/б',63.000,'банка',12.900);
INSERT INTO ao_tov (MnTov,NAT,OsFo,NEI,CenPr) VALUES (5070105,'AQUARTE ФОКУС 0.5л ЖЕНЬШЕНЬ-ЯБЛУКО пeт',12.000,'бут',9.400);
INSERT INTO ao_tov (MnTov,NAT,OsFo,NEI,CenPr) VALUES (5070161,'ЧУДО-ЧАДО СIК 0.2л СЛИВА-ЯБЛУКО т/п',23.000,'шт',7.050);
INSERT INTO ao_tov (MnTov,NAT,OsFo,NEI,CenPr) VALUES (5070216,'НАШ СIК 0.5л ВИНОГРАД-ЯБЛУКО пет',15.000,'шт',10.700);
INSERT INTO ao_tov (MnTov,NAT,OsFo,NEI,CenPr) VALUES (5070181,'НАШ СIК 0.33л МУЛЬТИВIТАМIН т/п',103.000,'шт',8.700);
INSERT INTO ao_tov (MnTov,NAT,OsFo,NEI,CenPr) VALUES (5070134,'ЧУДО-ЧАДО СIК 0.2л ЯБЛУКО-ПЕРСИК т/п',36.000,'шт',7.050);
INSERT INTO ao_tov (MnTov,NAT,OsFo,NEI,CenPr) VALUES (5070301,'ЧУДО-ЧАДО СIК 0.2л ЯБЛУКО-ГРУША т/п',28.000,'шт',7.050);
INSERT INTO ao_tov (MnTov,NAT,OsFo,NEI,CenPr) VALUES (5070302,'НАШ СIК 0.2л ВИШНЯ т/п',16.000,'шт',5.500);
INSERT INTO ao_tov (MnTov,NAT,OsFo,NEI,CenPr) VALUES (5070123,'ЧУДО-ЧАДО ПЮРЕ 170г ПЕРСИК-ЯБЛУКО с/б',56.000,'банка',12.900);
INSERT INTO ao_tov (MnTov,NAT,OsFo,NEI,CenPr) VALUES (5070335,'ЧУДО-ЧАДО СIК 0.2л БАНАН-ЯБЛУКО б/цук т/п',44.000,'шт',7.050);
INSERT INTO ao_tov (MnTov,NAT,OsFo,NEI,CenPr) VALUES (5070336,'ЧУДО-ЧАДО СIК 0.2л ЯБЛУКО-ВИШНЯ б/цук т/п',3.000,'шт',7.050);
INSERT INTO ao_tov (MnTov,NAT,OsFo,NEI,CenPr) VALUES (5070132,'ЧУДО-ЧАДО СIК 0.2л ВИНОГРАД-ЯБЛУКО б/цук т/п',159.000,'шт',7.050);
INSERT INTO ao_tov (MnTov,NAT,OsFo,NEI,CenPr) VALUES (5070234,'НАШ СIК 0.33л ВИШНЯ т/п',27.000,'шт',8.700);
INSERT INTO ao_tov (MnTov,NAT,OsFo,NEI,CenPr) VALUES (5070120,'ЧУДО-ЧАДО ПЮРЕ 170г ЯБЛУКО б/цук с/б',37.000,'банка',12.900);
INSERT INTO ao_tov (MnTov,NAT,OsFo,NEI,CenPr) VALUES (5070360,'НАШ СIК 1.93л ВИШНЯ т/п',183.000,'шт',28.550);
INSERT INTO ao_tov (MnTov,NAT,OsFo,NEI,CenPr) VALUES (5070375,'НАШ СIК 1.93л ВИНОГРАД-ЯБЛУКО т/п',83.000,'шт',28.550);
INSERT INTO ao_tov (MnTov,NAT,OsFo,NEI,CenPr) VALUES (5070376,'НАШ СIК 1.93л ЯБЛУКО нектар т/п',16.000,'шт',28.550);
INSERT INTO ao_tov (MnTov,NAT,OsFo,NEI,CenPr) VALUES (5070218,'НАШ СIК 0.5л МУЛЬТИФРУКТ пет',0.000,'шт',10.700);
INSERT INTO ao_tov (MnTov,NAT,OsFo,NEI,CenPr) VALUES (5070217,'НАШ СIК 0.5л ВИШНЯ пет',0.000,'шт',10.700);
INSERT INTO ao_tov (MnTov,NAT,OsFo,NEI,CenPr) VALUES (5070383,'НАШ СIК 1.93л ПЕРСИК т/п',66.000,'шт',28.550);
INSERT INTO ao_tov (MnTov,NAT,OsFo,NEI,CenPr) VALUES (5070371,'НАШ СIК 1.93л МУЛЬТИФРУКТ т/п',76.000,'шт',28.550);
INSERT INTO ao_tov (MnTov,NAT,OsFo,NEI,CenPr) VALUES (5070382,'НАШ СIК 1.93л МУЛЬТИВIТАМIН т/п',63.000,'шт',28.550);
INSERT INTO ao_tov (MnTov,NAT,OsFo,NEI,CenPr) VALUES (5070385,'НАШ СIК 1.93л ТОМАТ т/п',125.000,'шт',28.550);
INSERT INTO ao_tov (MnTov,NAT,OsFo,NEI,CenPr) VALUES (5070386,'НАШ СIК 1.43л ПЕРСИК т/п',41.000,'шт',20.050);
INSERT INTO ao_tov (MnTov,NAT,OsFo,NEI,CenPr) VALUES (5070390,'НАШ СIК 1.43л ВИНОГРАД-ЯБЛУКО т/п',109.000,'шт',20.050);
INSERT INTO ao_tov (MnTov,NAT,OsFo,NEI,CenPr) VALUES (5070391,'НАШ СIК 1.93л ЯБЛУКО-ПОЛУНИЦЯ т/п',54.000,'шт',28.550);
INSERT INTO ao_tov (MnTov,NAT,OsFo,NEI,CenPr) VALUES (5070220,'НАШ СIК 0.5л ЯБЛУКО нектар пет',12.000,'шт',10.700);
INSERT INTO ao_tov (MnTov,NAT,OsFo,NEI,CenPr) VALUES (5070219,'НАШ СIК 0.5л ЯБЛУКО-ПОЛУНИЦЯ пет',1.000,'шт',10.700);
INSERT INTO ao_tov (MnTov,NAT,OsFo,NEI,CenPr) VALUES (5070392,'НАШ СIК 1.43л МУЛЬТИВIТАМIН т/п',33.000,'шт',20.050);
INSERT INTO ao_tov (MnTov,NAT,OsFo,NEI,CenPr) VALUES (5070163,'ЧУДО-ЧАДО СIК 0.2л ЯБЛУКО-АБРИКОС т/п',48.000,'шт',7.050);
INSERT INTO ao_tov (MnTov,NAT,OsFo,NEI,CenPr) VALUES (5070106,'AQUARTE РЕЛАКС 0.5л РОМАШКА-МАРАКУЯ пeт',0.000,'бут',9.400);
INSERT INTO ao_tov (MnTov,NAT,OsFo,NEI,CenPr) VALUES (5070162,'ЧУДО-ЧАДО СIК 0.2л ЯБЛУКО ОСВЕТ. б/цук т/п',5.000,'шт',7.050);
INSERT INTO ao_tov (MnTov,NAT,OsFo,NEI,CenPr) VALUES (5070404,'ДЖУСIК 0.2л ВИНОГРАД-ЯБЛУКО Маша i Ведмiдь т/п',43.000,'шт',6.450);
INSERT INTO ao_tov (MnTov,NAT,OsFo,NEI,CenPr) VALUES (5070405,'ДЖУСIК 0.2л БАНАН-ПОЛУНИЦЯ Маша i Ведмiдь т/п',48.000,'шт',6.450);
INSERT INTO ao_tov (MnTov,NAT,OsFo,NEI,CenPr) VALUES (5070406,'ДЖУСIК 0.2л МУЛЬТИВIТАМIН Маша i Ведмiдь т/п',51.000,'шт',6.450);
INSERT INTO ao_tov (MnTov,NAT,OsFo,NEI,CenPr) VALUES (5070407,'ДЖУСIК 0.2л ПЕРСИК Маша i Ведмiдь т/п',45.000,'шт',6.450);
INSERT INTO ao_tov (MnTov,NAT,OsFo,NEI,CenPr) VALUES (5070408,'JAFFA 0.125л МУЛЬТИВIТАМIН Cars т/в',85.000,'шт',4.750);
INSERT INTO ao_tov (MnTov,NAT,OsFo,NEI,CenPr) VALUES (5070172,'ЧУДО-ЧАДО ПЮРЕ 170г ФР.САЛАТ З ПЕЧИВОМ б/цук с/б',34.000,'банка',12.900);
INSERT INTO ao_tov (MnTov,NAT,OsFo,NEI,CenPr) VALUES (5070122,'ЧУДО-ЧАДО ПЮРЕ 170г ЯБЛУКО-СЛИВА с/б',27.000,'банка',12.900);
INSERT INTO ao_tov (MnTov,NAT,OsFo,NEI,CenPr) VALUES (5070420,'ЧУДО-ЧАДО ПЮРЕ 170г ЯБЛУКО-БАНАН б/цук с/б',57.000,'банка',12.900);
INSERT INTO ao_tov (MnTov,NAT,OsFo,NEI,CenPr) VALUES (5070413,'ЧУДО-ЧАДО ПЮРЕ 130г ЯБЛУКО,ПЕРСИК т/в',28.000,'шт',9.050);
INSERT INTO ao_tov (MnTov,NAT,OsFo,NEI,CenPr) VALUES (5070435,'ЧУДО-ЧАДО ПЮРЕ 175г ЯБЛУКО-ПЕРСИК З СИРОМ с/б',6.000,'банка',15.400);
INSERT INTO ao_tov (MnTov,NAT,OsFo,NEI,CenPr) VALUES (5070436,'НАШ СIК 0.95л ГРАНАТ т/п',206.000,'шт',15.500);
INSERT INTO ao_tov (MnTov,NAT,OsFo,NEI,CenPr) VALUES (5070329,'ЧУДО-ЧАДО ПЮРЕ 170г ГАРБУЗ-ЯБЛУКО с/б',37.000,'банка',12.900);
INSERT INTO ao_tov (MnTov,NAT,OsFo,NEI,CenPr) VALUES (5070448,'НАШ СIК 0.5л ГРАНАТ пет',1.000,'шт',10.700);
INSERT INTO ao_tov (MnTov,NAT,OsFo,NEI,CenPr) VALUES (5070449,'JAFFA 0.2л БАНАН-ПОЛУНИЦЯ Minions т/п',48.000,'шт',6.500);
INSERT INTO ao_tov (MnTov,NAT,OsFo,NEI,CenPr) VALUES (5070450,'JAFFA 0.2л ВИНОГРАД-ЯБЛУКО Minions т/п',74.000,'шт',6.500);
INSERT INTO ao_tov (MnTov,NAT,OsFo,NEI,CenPr) VALUES (5070451,'JAFFA 0.2л МУЛЬТИФРУКТ Minions т/п',66.000,'шт',6.500);
INSERT INTO ao_tov (MnTov,NAT,OsFo,NEI,CenPr) VALUES (5070452,'JAFFA 0.2л ПЕРСИК Minions т/п',39.000,'шт',6.500);
INSERT INTO ao_tov (MnTov,NAT,OsFo,NEI,CenPr) VALUES (5070187,'ЧУДО-ЧАДО ПЮРЕ 130г ГРУША,ЯБЛУКО б/цук т/в',7.000,'шт',9.050);
INSERT INTO ao_tov (MnTov,NAT,OsFo,NEI,CenPr) VALUES (5070458,'ЧУДО-ЧАДО ПЮРЕ 90г ГРУША-ЯБЛУКО б/цук д/п',56.000,'шт',12.200);
INSERT INTO ao_tov (MnTov,NAT,OsFo,NEI,CenPr) VALUES (5070459,'ЧУДО-ЧАДО ПЮРЕ 90г ЯБЛУКО-БАНАН б/цук д/п',63.000,'шт',12.200);
INSERT INTO ao_tov (MnTov,NAT,OsFo,NEI,CenPr) VALUES (5070460,'ЧУДО-ЧАДО ПЮРЕ 90г ЯБЛУКО-ПЕРСИК д/п',83.000,'шт',12.200);
INSERT INTO ao_tov (MnTov,NAT,OsFo,NEI,CenPr) VALUES (5070461,'ЧУДО-ЧАДО ПЮРЕ 90г ФР.САЛАТ З ПЕЧИВОМ б/цук д/п',46.000,'шт',12.200);
INSERT INTO ao_tov (MnTov,NAT,OsFo,NEI,CenPr) VALUES (5070462,'ЧУДО-ЧАДО ПЮРЕ 90г ЯБЛ.МОРК.АЙВА "Рум.щiчки" д/п',25.000,'шт',12.200);
INSERT INTO ao_tov (MnTov,NAT,OsFo,NEI,CenPr) VALUES (5070389,'СОКОВИТА 1.93л ТОМАТ т/п',12.000,'шт',23.100);
INSERT INTO ao_tov (MnTov,NAT,OsFo,NEI,CenPr) VALUES (5070384,'НАШ СIК 1.43л МУЛЬТИФРУКТ т/п',109.000,'шт',20.050);
INSERT INTO ao_tov (MnTov,NAT,OsFo,NEI,CenPr) VALUES (5070466,'JAFFA SMOOTHY 0.12л ГРУША,ЯБЛУКО д/п',13.000,'шт',13.300);
INSERT INTO ao_tov (MnTov,NAT,OsFo,NEI,CenPr) VALUES (5070467,'JAFFA SMOOTHY 0.12л БАНАН,ЯБЛ,ЧОРНИЦЯ,ПОЛУН д/п',9.000,'шт',13.300);
INSERT INTO ao_tov (MnTov,NAT,OsFo,NEI,CenPr) VALUES (5070468,'JAFFA SMOOTHY 0.12л МАНГО,БАНАН,ГУАВА,МАРАКУЯ д/п',11.000,'шт',13.300);
INSERT INTO ao_tov (MnTov,NAT,OsFo,NEI,CenPr) VALUES (5070469,'JAFFA SMOOTHY 0.12л ЯБЛ,ЧОРНИЦЯ,ГОРОБ,МАЛИНА д/п',12.000,'шт',13.300);
INSERT INTO ao_tov (MnTov,NAT,OsFo,NEI,CenPr) VALUES (5070395,'НАШ СIК 1.43л ТОМАТ т/п',102.000,'шт',20.050);
INSERT INTO ao_tov (MnTov,NAT,OsFo,NEI,CenPr) VALUES (5070292,'СОКОВИТА 0.95л МУЛЬТИФРУКТ т/п',12.000,'шт',12.492);
INSERT INTO ao_tov (MnTov,NAT,OsFo,NEI,CenPr) VALUES (5070144,'СОКОВИТА 0.95л ТОМАТ т/п',13.000,'шт',12.492);
INSERT INTO ao_tov (MnTov,NAT,OsFo,NEI,CenPr) VALUES (5070307,'СОКОВИТА 0.2л МУЛЬТИФРУКТ т/п',27.000,'шт',4.133);
INSERT INTO ao_tov (MnTov,NAT,OsFo,NEI,CenPr) VALUES (5070475,'СОКОВИТА 0.2л ФРУКТОВИЙ МIКС т/п',0.000,'шт',4.133);
INSERT INTO ao_tov (MnTov,NAT,OsFo,NEI,CenPr) VALUES (5070476,'JAFFA 0.95л АПЕЛЬСИН-ГРЕЙПФРУТ Fitness т/п',12.000,'шт',24.450);
INSERT INTO ao_tov (MnTov,NAT,OsFo,NEI,CenPr) VALUES (5070481,'ДЖУСIК 0.065л БАНАН-ШОКОЛАД т/с',0.000,'шт',1.600);
INSERT INTO ao_tov (MnTov,NAT,OsFo,NEI,CenPr) VALUES (5070486,'JAFFA 0.95л ЯБЛУКО 100% Juice т/п',0.000,'шт',20.300);
INSERT INTO ao_tov (MnTov,NAT,OsFo,NEI,CenPr) VALUES (5070488,'ДЖУСIК 0.065л АНАНАС-КОКОС т/с',25.000,'шт',1.600);
INSERT INTO ao_tov (MnTov,NAT,OsFo,NEI,CenPr) VALUES (5070489,'JAFFA 0.125л МУЛЬТИВIТАМIН Frozen т/в',96.000,'шт',4.750);
INSERT INTO ao_tov (MnTov,NAT,OsFo,NEI,CenPr) VALUES (5070487,'JAFFA 0.95л АНАНАС Select т/п',53.000,'шт',24.450);
INSERT INTO ao_tov (MnTov,NAT,OsFo,NEI,CenPr) VALUES (5070490,'JAFFA 0.95л АПЕЛЬСИН Select т/п',27.000,'шт',24.450);
INSERT INTO ao_tov (MnTov,NAT,OsFo,NEI,CenPr) VALUES (5070491,'JAFFA 0.95л БАНАН-ПОЛУНИЦЯ Select т/п',20.000,'шт',22.250);
INSERT INTO ao_tov (MnTov,NAT,OsFo,NEI,CenPr) VALUES (5070496,'JAFFA 0.95л ГРАНАТ Superfruits т/п',0.000,'шт',22.250);
INSERT INTO ao_tov (MnTov,NAT,OsFo,NEI,CenPr) VALUES (5070498,'JAFFA 0.95л МАНГО Fitness т/п',24.000,'шт',24.450);
INSERT INTO ao_tov (MnTov,NAT,OsFo,NEI,CenPr) VALUES (5070500,'JAFFA 0.95л ТОМАТ 100% Juice т/п',0.000,'шт',20.300);
INSERT INTO ao_tov (MnTov,NAT,OsFo,NEI,CenPr) VALUES (5070502,'JAFFA VITAL 0.5л КIВI,ОГIРОК,М"ЯТА пет',0.000,'шт',11.050);
INSERT INTO ao_tov (MnTov,NAT,OsFo,NEI,CenPr) VALUES (5070499,'JAFFA 0.95л ЧОРНИЦЯ-АРОНIЯ Superfruits т/п',3.000,'шт',24.450);
INSERT INTO ao_tov (MnTov,NAT,OsFo,NEI,CenPr) VALUES (5070505,'JAFFA VITAL 0.5л МАНДАРИН,ГРЕЙПФРУТ,ГУАРАНА пет',12.000,'шт',11.050);
INSERT INTO ao_tov (MnTov,NAT,OsFo,NEI,CenPr) VALUES (5070506,'JAFFA VITAL 0.5л МАНГО,БАНАН,ЖЕНЬШЕНЬ пет',0.000,'шт',11.050);
INSERT INTO ao_tov (MnTov,NAT,OsFo,NEI,CenPr) VALUES (5070190,'ЧУДО-ЧАДО ПЮРЕ 135г ЯБЛ.МОРК.АЙВА т/в',6.000,'шт',9.050);
INSERT INTO ao_tov (MnTov,NAT,OsFo,NEI,CenPr) VALUES (5070515,'ПРЯМОСIК 0.95л ЯБЛУЧНИЙ т/п',0.000,'шт',24.500);
INSERT INTO ao_tov (MnTov,NAT,OsFo,NEI,CenPr) VALUES (5070525,'JAFFA 0.95л ПЕРСИК Select т/п',0.000,'шт',20.300);
INSERT INTO ao_tov (MnTov,NAT,OsFo,NEI,CenPr) VALUES (5070188,'ЧУДО-ЧАДО ПЮРЕ 130г ЯБЛУКО б/цук т/в',68.000,'шт',9.050);
INSERT INTO ao_tov (MnTov,NAT,OsFo,NEI,CenPr) VALUES (5070516,'ПРЯМОСIК 0.95л ЯБЛУЧНО-МОРКВЯНИЙ т/п',0.000,'шт',24.500);
INSERT INTO ao_tov (MnTov,NAT,OsFo,NEI,CenPr) VALUES (5070531,'NESTEA ICE TEA 0.5л ЧОРНИЙ ЛИМОН пет',15.000,'бут',9.050);
INSERT INTO ao_tov (MnTov,NAT,OsFo,NEI,CenPr) VALUES (5070532,'NESTEA ICE TEA 0.5л ЧОРНИЙ ПЕРСИК пет',12.000,'бут',9.050);
INSERT INTO ao_tov (MnTov,NAT,OsFo,NEI,CenPr) VALUES (5070535,'NESTEA ICE TEA 0.5л ТРАВЯНИЙ М`ЯТА пет',0.000,'бут',9.050);
INSERT INTO ao_tov (MnTov,NAT,OsFo,NEI,CenPr) VALUES (5070536,'NESTEA ICE TEA 0.95л ЧОРНИЙ ЛИМОНОМ т/п',0.000,'шт',13.050);
INSERT INTO ao_tov (MnTov,NAT,OsFo,NEI,CenPr) VALUES (5070537,'NESTEA ICE TEA 0.95л ЧОРНИЙ ПЕРСИК т/п',45.000,'шт',13.050);
INSERT INTO ao_tov (MnTov,NAT,OsFo,NEI,CenPr) VALUES (5070540,'JAFFA 0.25л АНАНАС Select т/п',15.000,'шт',7.650);
INSERT INTO ao_tov (MnTov,NAT,OsFo,NEI,CenPr) VALUES (5070541,'JAFFA 0.25л МАНГО Fitness т/п',15.000,'шт',7.650);
INSERT INTO ao_tov (MnTov,NAT,OsFo,NEI,CenPr) VALUES (5070542,'JAFFA 0.25л БАНАН-ПОЛУНИЦЯ Select т/п',15.000,'шт',7.650);
INSERT INTO ao_tov (MnTov,NAT,OsFo,NEI,CenPr) VALUES (5070543,'JAFFA 0.25л ГРАНАТ-ГОРОБИНА Superfruits т/п',0.000,'шт',7.650);
INSERT INTO ao_tov (MnTov,NAT,OsFo,NEI,CenPr) VALUES (5070553,'НАШ СIК 0.2л ЯБЛУКО-МАЛИНА т/п',129.000,'шт',5.500);
INSERT INTO ao_tov (MnTov,NAT,OsFo,NEI,CenPr) VALUES (5070554,'НАШ СIК 1.43л КОМПОТ т/п',0.000,'шт',17.650);
INSERT INTO ao_tov (MnTov,NAT,OsFo,NEI,CenPr) VALUES (5070555,'ЧУДО-ЧАДО ПЮРЕ 170г ЯБЛ.МОРК.АЙВА "Рум.щiчки" с/б',55.000,'банка',12.900);
INSERT INTO ao_tov (MnTov,NAT,OsFo,NEI,CenPr) VALUES (5070556,'ЧУДО-ЧАДО ПЮРЕ 170г ЯБЛУКО-ЧОРНОСЛИВ с/б',22.000,'банка',12.900);
INSERT INTO ao_tov (MnTov,NAT,OsFo,NEI,CenPr) VALUES (5070558,'ЧУДО-ЧАДО ПЮРЕ 90г ВIТАМ.CАЛАТ д/п',49.000,'шт',12.200);
INSERT INTO ao_tov (MnTov,NAT,OsFo,NEI,CenPr) VALUES (5070559,'ЧУДО-ЧАДО ПЮРЕ 90г ГРУША-ЧОРНОСЛИВ д/п',32.000,'шт',12.200);
INSERT INTO ao_tov (MnTov,NAT,OsFo,NEI,CenPr) VALUES (5070557,'НАШ СIК 1.43л МОРС т/п',12.000,'шт',17.650);
INSERT INTO ao_tov (MnTov,NAT,OsFo,NEI,CenPr) VALUES (5070056,'СОКОВИТА 0.95л ЯБЛУКО т/п',12.000,'шт',12.492);
INSERT INTO ao_tov (MnTov,NAT,OsFo,NEI,CenPr) VALUES (5070561,'JAFFA 0.125л ВИНОГРАД-ЯБЛУКО Princess т/в',94.000,'шт',4.750);
INSERT INTO ao_tov (MnTov,NAT,OsFo,NEI,CenPr) VALUES (5070562,'НАШ СIК 0.33л ТОМАТ т/п',68.000,'шт',8.700);
INSERT INTO ao_tov (MnTov,NAT,OsFo,NEI,CenPr) VALUES (5070260,'СОКОВИТА 0.95л ЯБЛ-ПЕРСИК jaffa',12.000,'шт',12.242);
INSERT INTO ao_tov (MnTov,NAT,OsFo,NEI,CenPr) VALUES (5070564,'JAFFA CRAZY FRUIT 0.1л БАН-ЯГIД.БУМ д/п',177.000,'шт',11.950);
INSERT INTO ao_tov (MnTov,NAT,OsFo,NEI,CenPr) VALUES (5070565,'JAFFA CRAZY FRUIT 0.1л ГРУШ-ЯБЛ.ЗАРЯД д/п',95.000,'шт',11.950);
INSERT INTO ao_tov (MnTov,NAT,OsFo,NEI,CenPr) VALUES (5070566,'JAFFA CRAZY FRUIT 0.1л ТРОП.ЧЕЛЕНДЖ д/п',235.000,'шт',11.950);
INSERT INTO ao_tov (MnTov,NAT,OsFo,NEI,CenPr) VALUES (5070571,'НАШ СIК 0.95л ЯБЛУКО т/п',1.000,'шт',16.550);
-- ao_tmesto
INSERT INTO ao_tmesto (TMesto,KPl,KGp,NTMesto) VALUES (189,1628012,2639022,'М-Н PRESS-ТИЖ ЛОТОС(безулий петро iванович)');
INSERT INTO ao_tmesto (TMesto,KPl,KGp,NTMesto) VALUES (510,2111252,2111253,'М-Н ЛУЧ-1 ХАРЬКОВСКАЯ(приватна фiрма "луч")');
INSERT INTO ao_tmesto (TMesto,KPl,KGp,NTMesto) VALUES (604,2173014,8460365,'М-Н ПРОДУКТЫ /СПД ТИШИК/(тiшик ольга леонiдiвна)');
INSERT INTO ao_tmesto (TMesto,KPl,KGp,NTMesto) VALUES (833,2305815,8460344,'М-Н ПРОДУКТЫ ПР.КУРСКИЙ /ЛЕВЧЕНКО/(левченко володимир андрiйович)');
INSERT INTO ao_tmesto (TMesto,KPl,KGp,NTMesto) VALUES (1596,2808620,8460376,'М-Н ПОЛУНИЧКА /СТОРОЖЕВА/(сторожева галина анатолiiвна)');
INSERT INTO ao_tmesto (TMesto,KPl,KGp,NTMesto) VALUES (1878,3144804,8460123,'М-Н 43 Я.МУДРОГО(калiнiченко iрина павлiвна)');
INSERT INTO ao_tmesto (TMesto,KPl,KGp,NTMesto) VALUES (2385,2068018,8000414,'М-Н МАГНОЛИЯ РОМНЫ(пивень тетяна миколаївна)');
INSERT INTO ao_tmesto (TMesto,KPl,KGp,NTMesto) VALUES (3651,2144902,8000146,'М-Н ГЕРIВКА(момот микола васильович)');
INSERT INTO ao_tmesto (TMesto,KPl,KGp,NTMesto) VALUES (4615,2372705,2372708,'М-Н ЛИДИЯ-2 БУРЫНЬ(анiщенко м.м.)');
INSERT INTO ao_tmesto (TMesto,KPl,KGp,NTMesto) VALUES (6463,2798208,8000260,'М-Н ВИЗИТ /БУРКА/(бурка роман анатолiйович)');
INSERT INTO ao_tmesto (TMesto,KPl,KGp,NTMesto) VALUES (7118,3006217,8001137,'М-Н МЯСОКОМБИНАТ ВОРОЖБА("ворожба")');
INSERT INTO ao_tmesto (TMesto,KPl,KGp,NTMesto) VALUES (7917,2235817,8460369,'КИОСК ДЕТСК. БОЛЬНИЦА /ЧАЙКА/(чайка любов iванiвна)');
INSERT INTO ao_tmesto (TMesto,KPl,KGp,NTMesto) VALUES (8062,20034,8000991,'М-Н ЛЕВАДА(i)');
INSERT INTO ao_tmesto (TMesto,KPl,KGp,NTMesto) VALUES (9074,20034,22012,'М-Н СКЛАД СУМЫ(i)');
INSERT INTO ao_tmesto (TMesto,KPl,KGp,NTMesto) VALUES (10783,2597802,8001099,'М-Н ЭДЕМ БУРЫНЬ(денисенко дмитро михайлович)');
INSERT INTO ao_tmesto (TMesto,KPl,KGp,NTMesto) VALUES (10908,20034,8001015,'КАФЕ Дубрава(i)');
INSERT INTO ao_tmesto (TMesto,KPl,KGp,NTMesto) VALUES (12621,20034,8000977,'М-Н ЛАСУНЯ /ЯВТУШЕНКО/(i)');
INSERT INTO ao_tmesto (TMesto,KPl,KGp,NTMesto) VALUES (14071,20034,8002619,'М-Н ПРОДУКТЫ ХМЕЛИВ /МАРТЫНЕНКО/(i)');
INSERT INTO ao_tmesto (TMesto,KPl,KGp,NTMesto) VALUES (15486,3212620,8003124,'М-Н ПРОДУКТЫ БУРЫНЬ /МОРОЗ/(мороз альона сергiївна)');
INSERT INTO ao_tmesto (TMesto,KPl,KGp,NTMesto) VALUES (15773,2632204,8003110,'М-Н ФИШКА(вiнiченко вiктор михайлович)');
INSERT INTO ao_tmesto (TMesto,KPl,KGp,NTMesto) VALUES (15792,20034,8002459,'М-Н ПРОДУКТЫ /КОЛОДЯЖНАЯ/(i)');
INSERT INTO ao_tmesto (TMesto,KPl,KGp,NTMesto) VALUES (18933,2111252,8461128,'М-Н "ГАСТРОНОМЪ" ПОКРОВСКАЯ(приватна фiрма "луч")');
INSERT INTO ao_tmesto (TMesto,KPl,KGp,NTMesto) VALUES (18978,20034,8003400,'М-Н СМАК БЕЛОПОЛЬЕ(i)');
INSERT INTO ao_tmesto (TMesto,KPl,KGp,NTMesto) VALUES (20444,1913410,8001148,'М-Н ГОРЛИЦЯ(стрiлецька парасковiя iванiвна)');
INSERT INTO ao_tmesto (TMesto,KPl,KGp,NTMesto) VALUES (21935,20034,8003001,'М-Н ПРОДУКТЫ /ШКОЛЯРЕНКО/(i)');
INSERT INTO ao_tmesto (TMesto,KPl,KGp,NTMesto) VALUES (21943,20034,8002646,'М-Н У ЛЮДМИЛЫ СМЕЛОЕ(i)');
INSERT INTO ao_tmesto (TMesto,KPl,KGp,NTMesto) VALUES (22404,3184103,8460288,'М-Н ПРОДУКТЫ /СПД МАТЮШЕНКО/(матюшенко анна iгорiвна)');
INSERT INTO ao_tmesto (TMesto,KPl,KGp,NTMesto) VALUES (22944,2634703,8000336,'М-Н МАЯК РОМНЫ(щербань наталiя миколаївна)');
INSERT INTO ao_tmesto (TMesto,KPl,KGp,NTMesto) VALUES (23883,2173415,20555,'М-Н ПРОДУКТЫ 223(парфененко василь павлович)');
INSERT INTO ao_tmesto (TMesto,KPl,KGp,NTMesto) VALUES (24446,20034,3090615,'М-Н ТОКАРИ /МУШТАЙ/(i)');
INSERT INTO ao_tmesto (TMesto,KPl,KGp,NTMesto) VALUES (24632,2801615,8461130,'М-Н ПРОДУКТЫ КОРОТЧЕНКО /ЯНЧЕНКО/(янченко вiталiй анатолiйович)');
INSERT INTO ao_tmesto (TMesto,KPl,KGp,NTMesto) VALUES (24753,20034,8460360,'КИОСК УЧИЛИЩЕ 16 /ГАВРИЛОВА/(i)');
INSERT INTO ao_tmesto (TMesto,KPl,KGp,NTMesto) VALUES (24895,20034,8003809,'М-Н ЛЮДМИЛА ТЕРНЫ /НОСАЧЕНКО/(i)');
INSERT INTO ao_tmesto (TMesto,KPl,KGp,NTMesto) VALUES (24970,3285803,8461416,'М-Н МОЛОЧНЫЙ-1 ШЕВЧЕНКО(гришко дмитро юрiйович)');
INSERT INTO ao_tmesto (TMesto,KPl,KGp,NTMesto) VALUES (25118,2697308,8460224,'М-Н ПРОДУКТЫ ЛУШПЫ /БАБИНЦЕВ/(бабiнцев дмитро борисович)');
INSERT INTO ao_tmesto (TMesto,KPl,KGp,NTMesto) VALUES (25182,2594821,8004047,'М-Н ПРОДУКТЫ РОМНЫ /ГУНЬКО/(гунько вiра володимирiвна)');
INSERT INTO ao_tmesto (TMesto,KPl,KGp,NTMesto) VALUES (26979,2887405,8001075,'М-Н Родион(куриленко алiна володимирiвна)');
INSERT INTO ao_tmesto (TMesto,KPl,KGp,NTMesto) VALUES (26980,2887405,8002521,'М-Н СПОКУСА БЕЛОПОЛЬЕ(куриленко алiна володимирiвна)');
INSERT INTO ao_tmesto (TMesto,KPl,KGp,NTMesto) VALUES (27283,20034,8000374,'М-Н ЛОТОС РОМНЫ(i)');
INSERT INTO ao_tmesto (TMesto,KPl,KGp,NTMesto) VALUES (28132,2470410,8460947,'М-Н ДАРЫ МОРЯ РЕМЕСЛЕННАЯ(шестопал олександр михайлович)');
INSERT INTO ao_tmesto (TMesto,KPl,KGp,NTMesto) VALUES (28338,3579602,2650623,'М-Н ОСТАНОВКА БАСЫ /ЗАЯРНАЯ/(заярний микола сергiйович)');
INSERT INTO ao_tmesto (TMesto,KPl,KGp,NTMesto) VALUES (28483,2725516,2778492,'М-Н "КОШИК" ЗАСУМСКАЯ(логвина тетяна володимирiвна)');
INSERT INTO ao_tmesto (TMesto,KPl,KGp,NTMesto) VALUES (28564,20034,8000436,'М-Н ПРОДУКТЫ /СОЛОНЕНКО/(i)');
INSERT INTO ao_tmesto (TMesto,KPl,KGp,NTMesto) VALUES (29851,2528515,3210441,'М-Н "КОШИК-МАРКЕТ" ТЦ АТРИУМ(прядко микола васильович)');
INSERT INTO ao_tmesto (TMesto,KPl,KGp,NTMesto) VALUES (29854,3150213,8460990,'М-Н ГАСТРОНОМЧИК СОБОРНАЯ(бурдо вiкторiя олексiївна)');
INSERT INTO ao_tmesto (TMesto,KPl,KGp,NTMesto) VALUES (30017,3131103,1116763,'М-Н САМ МАРКЕТ ЛУШПЫ 39(орловський герман олександрович)');
INSERT INTO ao_tmesto (TMesto,KPl,KGp,NTMesto) VALUES (30060,2787502,8460186,'М-Н "КОШИК-МАРКЕТ" РОСИНКА(перевай наталiя федорiвна)');
INSERT INTO ao_tmesto (TMesto,KPl,KGp,NTMesto) VALUES (30082,2839722,8461311,'М-Н МОЛОЧНЫЙ-1 СУМСЕЛЬМАШ(шамiлов бадрi жамалович)');
INSERT INTO ao_tmesto (TMesto,KPl,KGp,NTMesto) VALUES (30292,2241009,8001161,'М-Н ТРОЯНДА-1(пиленко микола васильович)');
INSERT INTO ao_tmesto (TMesto,KPl,KGp,NTMesto) VALUES (30462,3051014,8460559,'М-Н ПРОДУКТЫ ЧАПАЕВА /ЛИТВИНЕНКО/(мовчан анна олександрiвна)');
INSERT INTO ao_tmesto (TMesto,KPl,KGp,NTMesto) VALUES (30490,2866206,8460366,'М-Н ПРОДУКТЫ /ПУЗЬ/(пузь олена тихонiвна)');
INSERT INTO ao_tmesto (TMesto,KPl,KGp,NTMesto) VALUES (30526,2898317,8005178,'М-Н МАЛИНА РОМНЫ(колесник микола олексiйович)');
INSERT INTO ao_tmesto (TMesto,KPl,KGp,NTMesto) VALUES (30642,2725516,8005294,'М-Н "КОШИК-МАРКЕТ" АХТЫРКА(логвина тетяна володимирiвна)');
INSERT INTO ao_tmesto (TMesto,KPl,KGp,NTMesto) VALUES (30665,3219410,8001429,'М-Н ПРОДУКТЫ "24 ГОДИНИ"(борисенко тетяна анатолiївна)');
INSERT INTO ao_tmesto (TMesto,KPl,KGp,NTMesto) VALUES (30710,8828166,8460664,'М-Н ДIМ, САД ТА ГОРОД-2(кривонос iрина олександрiвна)');
INSERT INTO ao_tmesto (TMesto,KPl,KGp,NTMesto) VALUES (30800,3247101,8460184,'М-Н "AMBAR" ПРОКОФЬЕВСКИЙ(мисiк анна сергiївна)');
INSERT INTO ao_tmesto (TMesto,KPl,KGp,NTMesto) VALUES (30805,2466602,8005293,'М-Н ПРОВИНЦИЯ-2 ФРАНКА(лугова свiтлана миколаївна)');
INSERT INTO ao_tmesto (TMesto,KPl,KGp,NTMesto) VALUES (30833,2333904,2937614,'М-Н "КОШИК-МАРКЕТ" ТРОИЦКИЙ(мiшура наталiя iванiвна)');
INSERT INTO ao_tmesto (TMesto,KPl,KGp,NTMesto) VALUES (30863,3548305,8003807,'М-Н "ФРЕШ" РОМНЫ(язєв євген олександрович)');
INSERT INTO ao_tmesto (TMesto,KPl,KGp,NTMesto) VALUES (30905,3013809,8461717,'М-Н КОМОРА ПРОКОФЬЕВА(димитрова олена володимирiвна)');
INSERT INTO ao_tmesto (TMesto,KPl,KGp,NTMesto) VALUES (31207,3018207,8460341,'М-Н САМ МАРКЕТ 21(лукаш ольга леонiдiвна)');
INSERT INTO ao_tmesto (TMesto,KPl,KGp,NTMesto) VALUES (31211,1827714,8003099,'М-Н КАПРИЗ-7 МАРКЕТ(кузiнова раїса михайлiвна)');
INSERT INTO ao_tmesto (TMesto,KPl,KGp,NTMesto) VALUES (31212,2577304,8461045,'М-Н ПРОДУКТЫ ЗАЛИВНАЯ /ШАФОРОСТ/(лихвар юлiя анатолiївна)');
INSERT INTO ao_tmesto (TMesto,KPl,KGp,NTMesto) VALUES (31235,2168006,8460216,'М-Н САМ МАРКЕТ ЛУШПЫ 7(кобзар марiя володимирiвна)');
INSERT INTO ao_tmesto (TMesto,KPl,KGp,NTMesto) VALUES (31269,2147322,3218628,'М-Н МАНДАРИН ЧЕРЕПИНА(черниш iгор валентинович)');
INSERT INTO ao_tmesto (TMesto,KPl,KGp,NTMesto) VALUES (31298,3522204,8460996,'М-Н НАШ МАРКЕТ КУРСКИЙ(конотоп тетяна вiкторiвна)');
INSERT INTO ao_tmesto (TMesto,KPl,KGp,NTMesto) VALUES (31300,2568805,8461101,'М-Н "AMBAR" СКД(демченко олена миколаївна)');
INSERT INTO ao_tmesto (TMesto,KPl,KGp,NTMesto) VALUES (31433,2925217,2329092,'М-Н НАШ МАРКЕТ СКД(якшигулова оксана володимирiвна)');
INSERT INTO ao_tmesto (TMesto,KPl,KGp,NTMesto) VALUES (31438,2831818,8461441,'М-Н АЖИОТАЖ ИЛЬИНСКАЯ(северин олена володимирiвна)');
INSERT INTO ao_tmesto (TMesto,KPl,KGp,NTMesto) VALUES (31575,2671603,8460037,'М-Н "КОШИК-МАРКЕТ" ЦУМ(чумак свiтлана iванiвна)');
INSERT INTO ao_tmesto (TMesto,KPl,KGp,NTMesto) VALUES (31581,1471920,8002059,'М-Н КАПРИЗ-5 САМОТОЕВКА(кунець тетяна маркiвна)');
INSERT INTO ao_tmesto (TMesto,KPl,KGp,NTMesto) VALUES (31609,3995020,8000957,'М-Н ОБЖОРКА-2 АХТЫРКА(євтушенко свiтлана володимирiвна)');
INSERT INTO ao_tmesto (TMesto,KPl,KGp,NTMesto) VALUES (31613,2547112,8460364,'М-Н САМ МАРКЕТ КОВПАКА(бобошко наталiя миколаївна)');
INSERT INTO ao_tmesto (TMesto,KPl,KGp,NTMesto) VALUES (31629,3230321,8003294,'М-Н ЛАВКА КРАСНОПОЛЬЕ(стрибак юлiя сергiївна)');
INSERT INTO ao_tmesto (TMesto,KPl,KGp,NTMesto) VALUES (31665,2605004,8002512,'КИОСК АЙСБЕРГ /ГРОБОВ/(лябах зоя миколаївна)');
INSERT INTO ao_tmesto (TMesto,KPl,KGp,NTMesto) VALUES (31683,3143407,8461035,'М-Н КЛУНОК ПРОКОФЬЕВА(сiробабенко євген євгенович)');
INSERT INTO ao_tmesto (TMesto,KPl,KGp,NTMesto) VALUES (31695,3099020,2523306,'М-Н ВЕСЕЛКА КОВПАКА(бей олександр васильович)');
INSERT INTO ao_tmesto (TMesto,KPl,KGp,NTMesto) VALUES (31698,20034,8000310,'М-Н ПОЛУФАБРИТКАТЫ РОМНЫ(i)');
INSERT INTO ao_tmesto (TMesto,KPl,KGp,NTMesto) VALUES (31708,2677800,8460026,'М-Н САМ МАРКЕТ ОКЕАН(клiменченко оксана вiкторiвна)');
-- ao_stagtm
INSERT INTO ao_stagtm (KTA,TMESTO) VALUES (51,9074);
INSERT INTO ao_stagtm (KTA,TMESTO) VALUES (364,604);
INSERT INTO ao_stagtm (KTA,TMESTO) VALUES (364,1596);
INSERT INTO ao_stagtm (KTA,TMESTO) VALUES (364,7917);
INSERT INTO ao_stagtm (KTA,TMESTO) VALUES (349,2385);
INSERT INTO ao_stagtm (KTA,TMESTO) VALUES (349,22944);
INSERT INTO ao_stagtm (KTA,TMESTO) VALUES (905,604);
INSERT INTO ao_stagtm (KTA,TMESTO) VALUES (905,1596);
INSERT INTO ao_stagtm (KTA,TMESTO) VALUES (905,7917);
INSERT INTO ao_stagtm (KTA,TMESTO) VALUES (905,24753);
INSERT INTO ao_stagtm (KTA,TMESTO) VALUES (364,24753);
INSERT INTO ao_stagtm (KTA,TMESTO) VALUES (349,27283);
INSERT INTO ao_stagtm (KTA,TMESTO) VALUES (475,189);
INSERT INTO ao_stagtm (KTA,TMESTO) VALUES (475,1878);
INSERT INTO ao_stagtm (KTA,TMESTO) VALUES (482,189);
INSERT INTO ao_stagtm (KTA,TMESTO) VALUES (482,1878);
INSERT INTO ao_stagtm (KTA,TMESTO) VALUES (349,25182);
INSERT INTO ao_stagtm (KTA,TMESTO) VALUES (905,28132);
INSERT INTO ao_stagtm (KTA,TMESTO) VALUES (475,28338);
INSERT INTO ao_stagtm (KTA,TMESTO) VALUES (482,28338);
INSERT INTO ao_stagtm (KTA,TMESTO) VALUES (469,22404);
INSERT INTO ao_stagtm (KTA,TMESTO) VALUES (469,24632);
INSERT INTO ao_stagtm (KTA,TMESTO) VALUES (469,24970);
INSERT INTO ao_stagtm (KTA,TMESTO) VALUES (469,25118);
INSERT INTO ao_stagtm (KTA,TMESTO) VALUES (482,28483);
INSERT INTO ao_stagtm (KTA,TMESTO) VALUES (475,28483);
INSERT INTO ao_stagtm (KTA,TMESTO) VALUES (349,28564);
INSERT INTO ao_stagtm (KTA,TMESTO) VALUES (364,833);
INSERT INTO ao_stagtm (KTA,TMESTO) VALUES (905,833);
INSERT INTO ao_stagtm (KTA,TMESTO) VALUES (544,604);
INSERT INTO ao_stagtm (KTA,TMESTO) VALUES (544,833);
INSERT INTO ao_stagtm (KTA,TMESTO) VALUES (544,1596);
INSERT INTO ao_stagtm (KTA,TMESTO) VALUES (544,7917);
INSERT INTO ao_stagtm (KTA,TMESTO) VALUES (544,24753);
INSERT INTO ao_stagtm (KTA,TMESTO) VALUES (544,28132);
INSERT INTO ao_stagtm (KTA,TMESTO) VALUES (364,28132);
INSERT INTO ao_stagtm (KTA,TMESTO) VALUES (469,510);
INSERT INTO ao_stagtm (KTA,TMESTO) VALUES (469,18933);
INSERT INTO ao_stagtm (KTA,TMESTO) VALUES (535,1878);
INSERT INTO ao_stagtm (KTA,TMESTO) VALUES (535,28338);
INSERT INTO ao_stagtm (KTA,TMESTO) VALUES (535,28483);
INSERT INTO ao_stagtm (KTA,TMESTO) VALUES (559,8062);
INSERT INTO ao_stagtm (KTA,TMESTO) VALUES (559,10908);
INSERT INTO ao_stagtm (KTA,TMESTO) VALUES (559,12621);
INSERT INTO ao_stagtm (KTA,TMESTO) VALUES (559,15773);
INSERT INTO ao_stagtm (KTA,TMESTO) VALUES (559,15792);
INSERT INTO ao_stagtm (KTA,TMESTO) VALUES (469,29851);
INSERT INTO ao_stagtm (KTA,TMESTO) VALUES (469,29854);
INSERT INTO ao_stagtm (KTA,TMESTO) VALUES (567,8062);
INSERT INTO ao_stagtm (KTA,TMESTO) VALUES (567,10908);
INSERT INTO ao_stagtm (KTA,TMESTO) VALUES (567,12621);
INSERT INTO ao_stagtm (KTA,TMESTO) VALUES (567,15773);
INSERT INTO ao_stagtm (KTA,TMESTO) VALUES (567,15792);
INSERT INTO ao_stagtm (KTA,TMESTO) VALUES (469,30017);
INSERT INTO ao_stagtm (KTA,TMESTO) VALUES (535,30060);
INSERT INTO ao_stagtm (KTA,TMESTO) VALUES (475,30060);
INSERT INTO ao_stagtm (KTA,TMESTO) VALUES (482,30060);
INSERT INTO ao_stagtm (KTA,TMESTO) VALUES (475,30082);
INSERT INTO ao_stagtm (KTA,TMESTO) VALUES (482,30082);
INSERT INTO ao_stagtm (KTA,TMESTO) VALUES (535,30082);
INSERT INTO ao_stagtm (KTA,TMESTO) VALUES (535,30462);
INSERT INTO ao_stagtm (KTA,TMESTO) VALUES (482,30462);
INSERT INTO ao_stagtm (KTA,TMESTO) VALUES (475,30462);
INSERT INTO ao_stagtm (KTA,TMESTO) VALUES (580,7118);
INSERT INTO ao_stagtm (KTA,TMESTO) VALUES (580,18978);
INSERT INTO ao_stagtm (KTA,TMESTO) VALUES (580,20444);
INSERT INTO ao_stagtm (KTA,TMESTO) VALUES (580,24446);
INSERT INTO ao_stagtm (KTA,TMESTO) VALUES (580,26979);
INSERT INTO ao_stagtm (KTA,TMESTO) VALUES (580,26980);
INSERT INTO ao_stagtm (KTA,TMESTO) VALUES (580,30292);
INSERT INTO ao_stagtm (KTA,TMESTO) VALUES (581,510);
INSERT INTO ao_stagtm (KTA,TMESTO) VALUES (581,18933);
INSERT INTO ao_stagtm (KTA,TMESTO) VALUES (581,22404);
INSERT INTO ao_stagtm (KTA,TMESTO) VALUES (581,24632);
INSERT INTO ao_stagtm (KTA,TMESTO) VALUES (581,24970);
INSERT INTO ao_stagtm (KTA,TMESTO) VALUES (581,29851);
INSERT INTO ao_stagtm (KTA,TMESTO) VALUES (581,29854);
INSERT INTO ao_stagtm (KTA,TMESTO) VALUES (581,30017);
INSERT INTO ao_stagtm (KTA,TMESTO) VALUES (562,510);
INSERT INTO ao_stagtm (KTA,TMESTO) VALUES (562,18933);
INSERT INTO ao_stagtm (KTA,TMESTO) VALUES (562,22404);
INSERT INTO ao_stagtm (KTA,TMESTO) VALUES (562,24632);
INSERT INTO ao_stagtm (KTA,TMESTO) VALUES (562,24970);
INSERT INTO ao_stagtm (KTA,TMESTO) VALUES (562,29851);
INSERT INTO ao_stagtm (KTA,TMESTO) VALUES (562,29854);
INSERT INTO ao_stagtm (KTA,TMESTO) VALUES (562,30017);
INSERT INTO ao_stagtm (KTA,TMESTO) VALUES (905,30490);
INSERT INTO ao_stagtm (KTA,TMESTO) VALUES (544,30490);
INSERT INTO ao_stagtm (KTA,TMESTO) VALUES (364,30490);
INSERT INTO ao_stagtm (KTA,TMESTO) VALUES (349,30526);
INSERT INTO ao_stagtm (KTA,TMESTO) VALUES (559,30642);
INSERT INTO ao_stagtm (KTA,TMESTO) VALUES (567,30642);
INSERT INTO ao_stagtm (KTA,TMESTO) VALUES (580,30665);
INSERT INTO ao_stagtm (KTA,TMESTO) VALUES (475,30710);
INSERT INTO ao_stagtm (KTA,TMESTO) VALUES (482,30710);
INSERT INTO ao_stagtm (KTA,TMESTO) VALUES (535,30710);
INSERT INTO ao_stagtm (KTA,TMESTO) VALUES (475,30800);
INSERT INTO ao_stagtm (KTA,TMESTO) VALUES (482,30800);
INSERT INTO ao_stagtm (KTA,TMESTO) VALUES (567,30805);
INSERT INTO ao_stagtm (KTA,TMESTO) VALUES (559,30805);
INSERT INTO ao_stagtm (KTA,TMESTO) VALUES (469,30833);
INSERT INTO ao_stagtm (KTA,TMESTO) VALUES (581,30833);
INSERT INTO ao_stagtm (KTA,TMESTO) VALUES (562,30833);
INSERT INTO ao_stagtm (KTA,TMESTO) VALUES (349,30863);
INSERT INTO ao_stagtm (KTA,TMESTO) VALUES (349,3651);
INSERT INTO ao_stagtm (KTA,TMESTO) VALUES (349,14071);
INSERT INTO ao_stagtm (KTA,TMESTO) VALUES (349,21935);
INSERT INTO ao_stagtm (KTA,TMESTO) VALUES (349,21943);
INSERT INTO ao_stagtm (KTA,TMESTO) VALUES (349,24895);
INSERT INTO ao_stagtm (KTA,TMESTO) VALUES (462,4615);
INSERT INTO ao_stagtm (KTA,TMESTO) VALUES (462,10783);
INSERT INTO ao_stagtm (KTA,TMESTO) VALUES (462,15486);
INSERT INTO ao_stagtm (KTA,TMESTO) VALUES (592,7118);
INSERT INTO ao_stagtm (KTA,TMESTO) VALUES (592,18978);
INSERT INTO ao_stagtm (KTA,TMESTO) VALUES (592,20444);
INSERT INTO ao_stagtm (KTA,TMESTO) VALUES (592,24446);
INSERT INTO ao_stagtm (KTA,TMESTO) VALUES (592,26979);
INSERT INTO ao_stagtm (KTA,TMESTO) VALUES (592,26980);
INSERT INTO ao_stagtm (KTA,TMESTO) VALUES (592,30292);
INSERT INTO ao_stagtm (KTA,TMESTO) VALUES (592,30665);
INSERT INTO ao_stagtm (KTA,TMESTO) VALUES (594,2385);
INSERT INTO ao_stagtm (KTA,TMESTO) VALUES (594,3651);
INSERT INTO ao_stagtm (KTA,TMESTO) VALUES (594,14071);
INSERT INTO ao_stagtm (KTA,TMESTO) VALUES (594,21935);
INSERT INTO ao_stagtm (KTA,TMESTO) VALUES (594,21943);
INSERT INTO ao_stagtm (KTA,TMESTO) VALUES (594,22944);
INSERT INTO ao_stagtm (KTA,TMESTO) VALUES (594,24895);
INSERT INTO ao_stagtm (KTA,TMESTO) VALUES (594,25182);
INSERT INTO ao_stagtm (KTA,TMESTO) VALUES (594,27283);
INSERT INTO ao_stagtm (KTA,TMESTO) VALUES (594,28564);
INSERT INTO ao_stagtm (KTA,TMESTO) VALUES (594,30526);
INSERT INTO ao_stagtm (KTA,TMESTO) VALUES (594,30863);
INSERT INTO ao_stagtm (KTA,TMESTO) VALUES (482,30905);
INSERT INTO ao_stagtm (KTA,TMESTO) VALUES (475,30905);
INSERT INTO ao_stagtm (KTA,TMESTO) VALUES (535,30905);
INSERT INTO ao_stagtm (KTA,TMESTO) VALUES (594,6463);
INSERT INTO ao_stagtm (KTA,TMESTO) VALUES (349,6463);
INSERT INTO ao_stagtm (KTA,TMESTO) VALUES (544,31207);
INSERT INTO ao_stagtm (KTA,TMESTO) VALUES (905,31207);
INSERT INTO ao_stagtm (KTA,TMESTO) VALUES (364,31207);
INSERT INTO ao_stagtm (KTA,TMESTO) VALUES (580,31211);
INSERT INTO ao_stagtm (KTA,TMESTO) VALUES (592,31211);
INSERT INTO ao_stagtm (KTA,TMESTO) VALUES (562,31212);
INSERT INTO ao_stagtm (KTA,TMESTO) VALUES (581,31212);
INSERT INTO ao_stagtm (KTA,TMESTO) VALUES (469,31212);
INSERT INTO ao_stagtm (KTA,TMESTO) VALUES (469,31235);
INSERT INTO ao_stagtm (KTA,TMESTO) VALUES (562,31235);
INSERT INTO ao_stagtm (KTA,TMESTO) VALUES (581,31235);
INSERT INTO ao_stagtm (KTA,TMESTO) VALUES (562,31269);
INSERT INTO ao_stagtm (KTA,TMESTO) VALUES (581,31269);
INSERT INTO ao_stagtm (KTA,TMESTO) VALUES (469,31269);
INSERT INTO ao_stagtm (KTA,TMESTO) VALUES (535,189);
INSERT INTO ao_stagtm (KTA,TMESTO) VALUES (581,23883);
INSERT INTO ao_stagtm (KTA,TMESTO) VALUES (562,23883);
INSERT INTO ao_stagtm (KTA,TMESTO) VALUES (469,23883);
INSERT INTO ao_stagtm (KTA,TMESTO) VALUES (905,31298);
INSERT INTO ao_stagtm (KTA,TMESTO) VALUES (544,31298);
INSERT INTO ao_stagtm (KTA,TMESTO) VALUES (364,31298);
INSERT INTO ao_stagtm (KTA,TMESTO) VALUES (475,31300);
INSERT INTO ao_stagtm (KTA,TMESTO) VALUES (482,31300);
INSERT INTO ao_stagtm (KTA,TMESTO) VALUES (535,31300);
INSERT INTO ao_stagtm (KTA,TMESTO) VALUES (544,31433);
INSERT INTO ao_stagtm (KTA,TMESTO) VALUES (905,31433);
INSERT INTO ao_stagtm (KTA,TMESTO) VALUES (364,31433);
INSERT INTO ao_stagtm (KTA,TMESTO) VALUES (475,31438);
INSERT INTO ao_stagtm (KTA,TMESTO) VALUES (482,31438);
INSERT INTO ao_stagtm (KTA,TMESTO) VALUES (535,31438);
INSERT INTO ao_stagtm (KTA,TMESTO) VALUES (581,31575);
INSERT INTO ao_stagtm (KTA,TMESTO) VALUES (562,31575);
INSERT INTO ao_stagtm (KTA,TMESTO) VALUES (469,31575);
INSERT INTO ao_stagtm (KTA,TMESTO) VALUES (580,31581);
INSERT INTO ao_stagtm (KTA,TMESTO) VALUES (592,31581);
INSERT INTO ao_stagtm (KTA,TMESTO) VALUES (567,31609);
INSERT INTO ao_stagtm (KTA,TMESTO) VALUES (559,31609);
INSERT INTO ao_stagtm (KTA,TMESTO) VALUES (544,31613);
INSERT INTO ao_stagtm (KTA,TMESTO) VALUES (905,31613);
INSERT INTO ao_stagtm (KTA,TMESTO) VALUES (364,31613);
INSERT INTO ao_stagtm (KTA,TMESTO) VALUES (580,31629);
INSERT INTO ao_stagtm (KTA,TMESTO) VALUES (592,31629);
INSERT INTO ao_stagtm (KTA,TMESTO) VALUES (559,31665);
INSERT INTO ao_stagtm (KTA,TMESTO) VALUES (567,31665);
INSERT INTO ao_stagtm (KTA,TMESTO) VALUES (475,31683);
INSERT INTO ao_stagtm (KTA,TMESTO) VALUES (482,31683);
INSERT INTO ao_stagtm (KTA,TMESTO) VALUES (535,31683);
INSERT INTO ao_stagtm (KTA,TMESTO) VALUES (364,31695);
INSERT INTO ao_stagtm (KTA,TMESTO) VALUES (544,31695);
INSERT INTO ao_stagtm (KTA,TMESTO) VALUES (905,31695);
INSERT INTO ao_stagtm (KTA,TMESTO) VALUES (594,31698);
INSERT INTO ao_stagtm (KTA,TMESTO) VALUES (349,31698);
INSERT INTO ao_stagtm (KTA,TMESTO) VALUES (475,31708);
INSERT INTO ao_stagtm (KTA,TMESTO) VALUES (482,31708);
INSERT INTO ao_stagtm (KTA,TMESTO) VALUES (535,31708);
INSERT INTO ao_stagtm (KTA,TMESTO) VALUES (535,30800);
-- ao_s_tag
INSERT INTO ao_s_tag (KOD,FIO,KTAS) VALUES (51,'ПИНЧУК В.П.',51);
INSERT INTO ao_s_tag (KOD,FIO,KTAS) VALUES (31,'ВИТМАРК',31);
INSERT INTO ao_s_tag (KOD,FIO,KTAS) VALUES (364,'БУДЯК Т.И.',31);
INSERT INTO ao_s_tag (KOD,FIO,KTAS) VALUES (461,'ФИЛИАЛ ШОСТКА',461);
INSERT INTO ao_s_tag (KOD,FIO,KTAS) VALUES (462,'КОДЕНЕЦ А.Н.',461);
INSERT INTO ao_s_tag (KOD,FIO,KTAS) VALUES (469,'ГРЕК А.Ю.',31);
INSERT INTO ao_s_tag (KOD,FIO,KTAS) VALUES (535,'САВЧЕНКО И.С.',31);
INSERT INTO ao_s_tag (KOD,FIO,KTAS) VALUES (559,'КАНИВЕЦ Ю.О.',31);
INSERT INTO ao_s_tag (KOD,FIO,KTAS) VALUES (592,'БУГАЕНКО А.Ю.',31);
INSERT INTO ao_s_tag (KOD,FIO,KTAS) VALUES (594,'ЯРЕМЕНКО Е.Л.',31);
-- ao_rs2
INSERT INTO ao_rs2 (TTN,MnTov,KVP,Zen) VALUES (631184,5070329,2.000,12.550);
INSERT INTO ao_rs2 (TTN,MnTov,KVP,Zen) VALUES (631184,5070420,2.000,12.550);
INSERT INTO ao_rs2 (TTN,MnTov,KVP,Zen) VALUES (631184,5070555,2.000,12.550);
INSERT INTO ao_rs2 (TTN,MnTov,KVP,Zen) VALUES (631184,5070458,2.000,11.830);
INSERT INTO ao_rs2 (TTN,MnTov,KVP,Zen) VALUES (631184,5070461,2.000,11.830);
INSERT INTO ao_rs2 (TTN,MnTov,KVP,Zen) VALUES (631184,5070460,2.000,11.830);
INSERT INTO ao_rs2 (TTN,MnTov,KVP,Zen) VALUES (631184,5070462,2.000,11.830);
INSERT INTO ao_rs2 (TTN,MnTov,KVP,Zen) VALUES (631184,5070540,2.000,7.450);
INSERT INTO ao_rs2 (TTN,MnTov,KVP,Zen) VALUES (631184,5070542,2.000,7.450);
INSERT INTO ao_rs2 (TTN,MnTov,KVP,Zen) VALUES (631184,5070543,2.000,7.450);
INSERT INTO ao_rs2 (TTN,MnTov,KVP,Zen) VALUES (631184,5070541,2.000,7.450);
INSERT INTO ao_rs2 (TTN,MnTov,KVP,Zen) VALUES (631184,5070405,5.000,6.280);
INSERT INTO ao_rs2 (TTN,MnTov,KVP,Zen) VALUES (631184,5070404,5.000,6.280);
INSERT INTO ao_rs2 (TTN,MnTov,KVP,Zen) VALUES (631184,5070406,4.000,6.280);
INSERT INTO ao_rs2 (TTN,MnTov,KVP,Zen) VALUES (631184,5070407,4.000,6.280);
INSERT INTO ao_rs2 (TTN,MnTov,KVP,Zen) VALUES (631184,5070075,27.000,5.360);
INSERT INTO ao_rs2 (TTN,MnTov,KVP,Zen) VALUES (631184,5070174,5.000,8.470);
INSERT INTO ao_rs2 (TTN,MnTov,KVP,Zen) VALUES (631184,5070181,5.000,8.470);
INSERT INTO ao_rs2 (TTN,MnTov,KVP,Zen) VALUES (631184,5070175,5.000,8.470);
INSERT INTO ao_rs2 (TTN,MnTov,KVP,Zen) VALUES (631184,5070176,5.000,8.470);
INSERT INTO ao_rs2 (TTN,MnTov,KVP,Zen) VALUES (631184,5070065,3.000,15.040);
INSERT INTO ao_rs2 (TTN,MnTov,KVP,Zen) VALUES (631184,5070198,3.000,15.040);
INSERT INTO ao_rs2 (TTN,MnTov,KVP,Zen) VALUES (631184,5070436,3.000,15.040);
INSERT INTO ao_rs2 (TTN,MnTov,KVP,Zen) VALUES (631184,5070156,3.000,15.040);
INSERT INTO ao_rs2 (TTN,MnTov,KVP,Zen) VALUES (631184,5070154,3.000,15.040);
INSERT INTO ao_rs2 (TTN,MnTov,KVP,Zen) VALUES (631184,5070026,3.000,15.040);
INSERT INTO ao_rs2 (TTN,MnTov,KVP,Zen) VALUES (631184,5070017,3.000,15.040);
INSERT INTO ao_rs2 (TTN,MnTov,KVP,Zen) VALUES (631184,5070031,3.000,15.040);
INSERT INTO ao_rs2 (TTN,MnTov,KVP,Zen) VALUES (631184,5070384,3.000,19.480);
INSERT INTO ao_rs2 (TTN,MnTov,KVP,Zen) VALUES (631184,5070395,3.000,19.480);
INSERT INTO ao_rs2 (TTN,MnTov,KVP,Zen) VALUES (631184,5070360,2.000,27.740);
INSERT INTO ao_rs2 (TTN,MnTov,KVP,Zen) VALUES (631184,5070383,2.000,27.740);
INSERT INTO ao_rs2 (TTN,MnTov,KVP,Zen) VALUES (631184,5070391,2.000,27.740);
INSERT INTO ao_rs2 (TTN,MnTov,KVP,Zen) VALUES (631241,5070375,2.000,28.550);
INSERT INTO ao_rs2 (TTN,MnTov,KVP,Zen) VALUES (631241,5070382,2.000,28.550);
INSERT INTO ao_rs2 (TTN,MnTov,KVP,Zen) VALUES (631241,5070371,2.000,28.550);
INSERT INTO ao_rs2 (TTN,MnTov,KVP,Zen) VALUES (631241,5070391,2.000,28.550);
INSERT INTO ao_rs2 (TTN,MnTov,KVP,Zen) VALUES (631241,5070390,3.000,20.050);
INSERT INTO ao_rs2 (TTN,MnTov,KVP,Zen) VALUES (631241,5070392,3.000,20.050);
INSERT INTO ao_rs2 (TTN,MnTov,KVP,Zen) VALUES (631241,5070384,3.000,20.050);
INSERT INTO ao_rs2 (TTN,MnTov,KVP,Zen) VALUES (631241,5070386,3.000,20.050);
INSERT INTO ao_rs2 (TTN,MnTov,KVP,Zen) VALUES (631241,5070017,3.000,15.500);
INSERT INTO ao_rs2 (TTN,MnTov,KVP,Zen) VALUES (631241,5070436,2.000,15.500);
INSERT INTO ao_rs2 (TTN,MnTov,KVP,Zen) VALUES (631241,5070064,3.000,15.500);
INSERT INTO ao_rs2 (TTN,MnTov,KVP,Zen) VALUES (631241,5070154,3.000,15.500);
INSERT INTO ao_rs2 (TTN,MnTov,KVP,Zen) VALUES (631241,5070023,2.000,15.500);
INSERT INTO ao_rs2 (TTN,MnTov,KVP,Zen) VALUES (631241,5070075,4.000,5.500);
INSERT INTO ao_rs2 (TTN,MnTov,KVP,Zen) VALUES (631241,5070080,4.000,5.500);
INSERT INTO ao_rs2 (TTN,MnTov,KVP,Zen) VALUES (631241,5070060,4.000,5.500);
INSERT INTO ao_rs2 (TTN,MnTov,KVP,Zen) VALUES (631241,5070061,3.000,5.500);
INSERT INTO ao_rs2 (TTN,MnTov,KVP,Zen) VALUES (631241,5070063,3.000,5.500);
INSERT INTO ao_rs2 (TTN,MnTov,KVP,Zen) VALUES (631241,5070099,3.000,5.500);
INSERT INTO ao_rs2 (TTN,MnTov,KVP,Zen) VALUES (631241,5070062,3.000,5.500);
INSERT INTO ao_rs2 (TTN,MnTov,KVP,Zen) VALUES (631241,5070553,3.000,5.500);
INSERT INTO ao_rs2 (TTN,MnTov,KVP,Zen) VALUES (631242,5070017,3.000,15.500);
INSERT INTO ao_rs2 (TTN,MnTov,KVP,Zen) VALUES (631242,5070154,3.000,15.500);
INSERT INTO ao_rs2 (TTN,MnTov,KVP,Zen) VALUES (631243,5070487,1.000,24.450);
INSERT INTO ao_rs2 (TTN,MnTov,KVP,Zen) VALUES (631243,5070490,1.000,24.450);
INSERT INTO ao_rs2 (TTN,MnTov,KVP,Zen) VALUES (631243,5070498,1.000,24.450);
INSERT INTO ao_rs2 (TTN,MnTov,KVP,Zen) VALUES (631243,5070375,1.000,28.550);
INSERT INTO ao_rs2 (TTN,MnTov,KVP,Zen) VALUES (631243,5070360,1.000,28.550);
INSERT INTO ao_rs2 (TTN,MnTov,KVP,Zen) VALUES (631243,5070382,1.000,28.550);
INSERT INTO ao_rs2 (TTN,MnTov,KVP,Zen) VALUES (631243,5070371,1.000,28.550);
INSERT INTO ao_rs2 (TTN,MnTov,KVP,Zen) VALUES (631243,5070383,1.000,28.550);
INSERT INTO ao_rs2 (TTN,MnTov,KVP,Zen) VALUES (631243,5070385,1.000,28.550);
INSERT INTO ao_rs2 (TTN,MnTov,KVP,Zen) VALUES (631243,5070376,1.000,28.550);
INSERT INTO ao_rs2 (TTN,MnTov,KVP,Zen) VALUES (631243,5070391,1.000,28.550);
INSERT INTO ao_rs2 (TTN,MnTov,KVP,Zen) VALUES (631243,5070390,1.000,20.050);
INSERT INTO ao_rs2 (TTN,MnTov,KVP,Zen) VALUES (631243,5070384,1.000,20.050);
INSERT INTO ao_rs2 (TTN,MnTov,KVP,Zen) VALUES (631243,5070386,1.000,20.050);
INSERT INTO ao_rs2 (TTN,MnTov,KVP,Zen) VALUES (631243,5070395,1.000,20.050);
INSERT INTO ao_rs2 (TTN,MnTov,KVP,Zen) VALUES (631243,5070034,1.000,20.050);
INSERT INTO ao_rs2 (TTN,MnTov,KVP,Zen) VALUES (631243,5070017,1.000,15.500);
INSERT INTO ao_rs2 (TTN,MnTov,KVP,Zen) VALUES (631243,5070436,1.000,15.500);
INSERT INTO ao_rs2 (TTN,MnTov,KVP,Zen) VALUES (631243,5070154,1.000,15.500);
INSERT INTO ao_rs2 (TTN,MnTov,KVP,Zen) VALUES (631243,5070026,1.000,15.500);
INSERT INTO ao_rs2 (TTN,MnTov,KVP,Zen) VALUES (631243,5070065,1.000,15.500);
INSERT INTO ao_rs2 (TTN,MnTov,KVP,Zen) VALUES (631243,5070031,1.000,15.500);
INSERT INTO ao_rs2 (TTN,MnTov,KVP,Zen) VALUES (631243,5070075,2.000,5.500);
INSERT INTO ao_rs2 (TTN,MnTov,KVP,Zen) VALUES (631243,5070302,2.000,5.500);
INSERT INTO ao_rs2 (TTN,MnTov,KVP,Zen) VALUES (631243,5070080,2.000,5.500);
INSERT INTO ao_rs2 (TTN,MnTov,KVP,Zen) VALUES (631243,5070060,2.000,5.500);
INSERT INTO ao_rs2 (TTN,MnTov,KVP,Zen) VALUES (631243,5070061,2.000,5.500);
INSERT INTO ao_rs2 (TTN,MnTov,KVP,Zen) VALUES (631243,5070063,2.000,5.500);
INSERT INTO ao_rs2 (TTN,MnTov,KVP,Zen) VALUES (631243,5070099,2.000,5.500);
INSERT INTO ao_rs2 (TTN,MnTov,KVP,Zen) VALUES (631243,5070062,2.000,5.500);
INSERT INTO ao_rs2 (TTN,MnTov,KVP,Zen) VALUES (631243,5070553,2.000,5.500);
INSERT INTO ao_rs2 (TTN,MnTov,KVP,Zen) VALUES (631243,5070571,1.000,16.550);
INSERT INTO ao_rs2 (TTN,MnTov,KVP,Zen) VALUES (631281,5070487,6.000,23.770);
INSERT INTO ao_rs2 (TTN,MnTov,KVP,Zen) VALUES (631281,5070375,6.000,27.740);
INSERT INTO ao_rs2 (TTN,MnTov,KVP,Zen) VALUES (631283,5070490,2.000,23.770);
INSERT INTO ao_rs2 (TTN,MnTov,KVP,Zen) VALUES (631283,5070525,2.000,19.730);
INSERT INTO ao_rs2 (TTN,MnTov,KVP,Zen) VALUES (631283,5070486,1.000,19.730);
INSERT INTO ao_rs2 (TTN,MnTov,KVP,Zen) VALUES (631283,5070375,1.000,27.740);
INSERT INTO ao_rs2 (TTN,MnTov,KVP,Zen) VALUES (631283,5070360,1.000,27.740);
INSERT INTO ao_rs2 (TTN,MnTov,KVP,Zen) VALUES (631283,5070371,1.000,27.740);
INSERT INTO ao_rs2 (TTN,MnTov,KVP,Zen) VALUES (631283,5070383,1.000,27.740);
INSERT INTO ao_rs2 (TTN,MnTov,KVP,Zen) VALUES (631283,5070385,1.000,27.740);
INSERT INTO ao_rs2 (TTN,MnTov,KVP,Zen) VALUES (631283,5070017,2.000,15.040);
INSERT INTO ao_rs2 (TTN,MnTov,KVP,Zen) VALUES (631283,5070436,2.000,15.040);
INSERT INTO ao_rs2 (TTN,MnTov,KVP,Zen) VALUES (631283,5070064,2.000,15.040);
INSERT INTO ao_rs2 (TTN,MnTov,KVP,Zen) VALUES (631283,5070154,2.000,15.040);
INSERT INTO ao_rs2 (TTN,MnTov,KVP,Zen) VALUES (631283,5070026,2.000,15.040);
INSERT INTO ao_rs2 (TTN,MnTov,KVP,Zen) VALUES (631283,5070557,1.000,17.130);
INSERT INTO ao_rs2 (TTN,MnTov,KVP,Zen) VALUES (631283,5070554,1.000,17.130);
INSERT INTO ao_rs2 (TTN,MnTov,KVP,Zen) VALUES (631284,5070105,2.000,8.210);
INSERT INTO ao_rs2 (TTN,MnTov,KVP,Zen) VALUES (631284,5070008,2.000,8.210);
INSERT INTO ao_rs2 (TTN,MnTov,KVP,Zen) VALUES (631284,5070106,2.000,8.210);
INSERT INTO ao_rs2 (TTN,MnTov,KVP,Zen) VALUES (631284,5070011,2.000,8.210);
INSERT INTO ao_rs2 (TTN,MnTov,KVP,Zen) VALUES (631284,5070487,3.000,21.390);
INSERT INTO ao_rs2 (TTN,MnTov,KVP,Zen) VALUES (631284,5070499,2.000,21.390);
INSERT INTO ao_rs2 (TTN,MnTov,KVP,Zen) VALUES (631284,5070542,2.000,6.710);
INSERT INTO ao_rs2 (TTN,MnTov,KVP,Zen) VALUES (631284,5070543,1.000,6.710);
INSERT INTO ao_rs2 (TTN,MnTov,KVP,Zen) VALUES (631284,5070371,3.000,24.970);
INSERT INTO ao_rs2 (TTN,MnTov,KVP,Zen) VALUES (631284,5070390,4.000,17.530);
INSERT INTO ao_rs2 (TTN,MnTov,KVP,Zen) VALUES (631284,5070017,6.000,13.540);
INSERT INTO ao_rs2 (TTN,MnTov,KVP,Zen) VALUES (631284,5070198,3.000,13.540);
INSERT INTO ao_rs2 (TTN,MnTov,KVP,Zen) VALUES (631284,5070064,6.000,13.540);
INSERT INTO ao_rs2 (TTN,MnTov,KVP,Zen) VALUES (631284,5070154,12.000,13.540);
INSERT INTO ao_rs2 (TTN,MnTov,KVP,Zen) VALUES (631284,5070026,3.000,13.540);
INSERT INTO ao_rs2 (TTN,MnTov,KVP,Zen) VALUES (631284,5070065,6.000,13.540);
INSERT INTO ao_rs2 (TTN,MnTov,KVP,Zen) VALUES (631284,5070217,2.000,9.360);
INSERT INTO ao_rs2 (TTN,MnTov,KVP,Zen) VALUES (631284,5070220,1.000,9.360);
INSERT INTO ao_rs2 (TTN,MnTov,KVP,Zen) VALUES (631284,5070175,2.000,7.620);
INSERT INTO ao_rs2 (TTN,MnTov,KVP,Zen) VALUES (631284,5070075,3.000,4.820);
INSERT INTO ao_rs2 (TTN,MnTov,KVP,Zen) VALUES (631284,5070460,1.000,11.830);
INSERT INTO ao_rs2 (TTN,MnTov,KVP,Zen) VALUES (631284,5070219,1.000,9.360);
INSERT INTO ao_rs2 (TTN,MnTov,KVP,Zen) VALUES (631284,5070461,1.000,11.830);
INSERT INTO ao_rs2 (TTN,MnTov,KVP,Zen) VALUES (631284,5070458,1.000,11.830);
INSERT INTO ao_rs2 (TTN,MnTov,KVP,Zen) VALUES (631284,5070459,1.000,11.830);
INSERT INTO ao_rs2 (TTN,MnTov,KVP,Zen) VALUES (631284,5070562,9.000,7.620);
INSERT INTO ao_rs2 (TTN,MnTov,KVP,Zen) VALUES (631284,5070564,1.000,10.460);
INSERT INTO ao_rs2 (TTN,MnTov,KVP,Zen) VALUES (631284,5070565,1.000,10.460);
INSERT INTO ao_rs2 (TTN,MnTov,KVP,Zen) VALUES (631284,5070571,6.000,14.460);
INSERT INTO ao_rs2 (TTN,MnTov,KVP,Zen) VALUES (631285,5070490,1.000,23.770);
INSERT INTO ao_rs2 (TTN,MnTov,KVP,Zen) VALUES (631285,5070405,2.000,6.280);
INSERT INTO ao_rs2 (TTN,MnTov,KVP,Zen) VALUES (631285,5070404,2.000,6.280);
INSERT INTO ao_rs2 (TTN,MnTov,KVP,Zen) VALUES (631285,5070156,1.000,15.040);
INSERT INTO ao_rs2 (TTN,MnTov,KVP,Zen) VALUES (631285,5070154,1.000,15.040);
INSERT INTO ao_rs2 (TTN,MnTov,KVP,Zen) VALUES (631286,5070390,8.000,19.480);
INSERT INTO ao_rs2 (TTN,MnTov,KVP,Zen) VALUES (631286,5070198,12.000,15.040);
INSERT INTO ao_rs2 (TTN,MnTov,KVP,Zen) VALUES (631286,5070176,9.000,8.470);
INSERT INTO ao_rs2 (TTN,MnTov,KVP,Zen) VALUES (631286,5070121,12.000,12.550);
INSERT INTO ao_rs2 (TTN,MnTov,KVP,Zen) VALUES (631286,5070118,12.000,12.550);
INSERT INTO ao_rs2 (TTN,MnTov,KVP,Zen) VALUES (631286,5070420,12.000,12.550);
INSERT INTO ao_rs2 (TTN,MnTov,KVP,Zen) VALUES (631287,5070017,1.000,15.040);
INSERT INTO ao_rs2 (TTN,MnTov,KVP,Zen) VALUES (631293,5070375,2.000,28.550);
INSERT INTO ao_rs2 (TTN,MnTov,KVP,Zen) VALUES (631293,5070382,2.000,28.550);
INSERT INTO ao_rs2 (TTN,MnTov,KVP,Zen) VALUES (631293,5070371,2.000,28.550);
INSERT INTO ao_rs2 (TTN,MnTov,KVP,Zen) VALUES (631293,5070390,3.000,20.050);
INSERT INTO ao_rs2 (TTN,MnTov,KVP,Zen) VALUES (631293,5070392,2.000,20.050);
INSERT INTO ao_rs2 (TTN,MnTov,KVP,Zen) VALUES (631293,5070384,3.000,20.050);
INSERT INTO ao_rs2 (TTN,MnTov,KVP,Zen) VALUES (631293,5070017,4.000,15.500);
INSERT INTO ao_rs2 (TTN,MnTov,KVP,Zen) VALUES (631293,5070436,4.000,15.500);
INSERT INTO ao_rs2 (TTN,MnTov,KVP,Zen) VALUES (631293,5070064,4.000,15.500);
INSERT INTO ao_rs2 (TTN,MnTov,KVP,Zen) VALUES (631293,5070154,4.000,15.500);
INSERT INTO ao_rs2 (TTN,MnTov,KVP,Zen) VALUES (631293,5070026,4.000,15.500);
INSERT INTO ao_rs2 (TTN,MnTov,KVP,Zen) VALUES (631293,5070031,4.000,15.500);
INSERT INTO ao_rs2 (TTN,MnTov,KVP,Zen) VALUES (631294,5070390,1.000,20.050);
INSERT INTO ao_rs2 (TTN,MnTov,KVP,Zen) VALUES (631294,5070392,1.000,20.050);
INSERT INTO ao_rs2 (TTN,MnTov,KVP,Zen) VALUES (631294,5070017,1.000,15.500);
INSERT INTO ao_rs2 (TTN,MnTov,KVP,Zen) VALUES (631294,5070064,1.000,15.500);
INSERT INTO ao_rs2 (TTN,MnTov,KVP,Zen) VALUES (631294,5070154,1.000,15.500);
INSERT INTO ao_rs2 (TTN,MnTov,KVP,Zen) VALUES (631296,5070154,2.000,15.500);
INSERT INTO ao_rs2 (TTN,MnTov,KVP,Zen) VALUES (631296,5070065,2.000,15.500);
INSERT INTO ao_rs2 (TTN,MnTov,KVP,Zen) VALUES (631296,5070075,5.000,5.500);
INSERT INTO ao_rs2 (TTN,MnTov,KVP,Zen) VALUES (631296,5070060,5.000,5.500);
INSERT INTO ao_rs2 (TTN,MnTov,KVP,Zen) VALUES (631298,5070408,3.000,4.750);
INSERT INTO ao_rs2 (TTN,MnTov,KVP,Zen) VALUES (631298,5070489,3.000,4.750);
INSERT INTO ao_rs2 (TTN,MnTov,KVP,Zen) VALUES (631298,5070375,1.000,28.550);
INSERT INTO ao_rs2 (TTN,MnTov,KVP,Zen) VALUES (631298,5070017,3.000,15.500);
INSERT INTO ao_rs2 (TTN,MnTov,KVP,Zen) VALUES (631298,5070065,3.000,15.500);
INSERT INTO ao_rs2 (TTN,MnTov,KVP,Zen) VALUES (631306,5070371,1.000,28.550);
INSERT INTO ao_rs2 (TTN,MnTov,KVP,Zen) VALUES (631306,5070391,1.000,28.550);
INSERT INTO ao_rs2 (TTN,MnTov,KVP,Zen) VALUES (631306,5070386,1.000,20.050);
INSERT INTO ao_rs2 (TTN,MnTov,KVP,Zen) VALUES (631306,5070392,1.000,20.050);
INSERT INTO ao_rs2 (TTN,MnTov,KVP,Zen) VALUES (631306,5070390,1.000,20.050);
INSERT INTO ao_rs2 (TTN,MnTov,KVP,Zen) VALUES (631306,5070154,1.000,15.500);
INSERT INTO ao_rs2 (TTN,MnTov,KVP,Zen) VALUES (631306,5070026,1.000,15.500);
INSERT INTO ao_rs2 (TTN,MnTov,KVP,Zen) VALUES (631306,5070142,1.000,15.500);
INSERT INTO ao_rs2 (TTN,MnTov,KVP,Zen) VALUES (631309,5070558,4.000,12.200);
INSERT INTO ao_rs2 (TTN,MnTov,KVP,Zen) VALUES (631309,5070458,4.000,12.200);
INSERT INTO ao_rs2 (TTN,MnTov,KVP,Zen) VALUES (631309,5070461,4.000,12.200);
INSERT INTO ao_rs2 (TTN,MnTov,KVP,Zen) VALUES (631309,5070459,4.000,12.200);
INSERT INTO ao_rs2 (TTN,MnTov,KVP,Zen) VALUES (631309,5070386,4.000,20.050);
INSERT INTO ao_rs2 (TTN,MnTov,KVP,Zen) VALUES (631309,5070064,4.000,15.500);
INSERT INTO ao_rs2 (TTN,MnTov,KVP,Zen) VALUES (631309,5070154,4.000,15.500);
INSERT INTO ao_rs2 (TTN,MnTov,KVP,Zen) VALUES (631309,5070307,5.000,4.130);
INSERT INTO ao_rs2 (TTN,MnTov,KVP,Zen) VALUES (631309,5070475,5.000,4.130);
INSERT INTO ao_rs2 (TTN,MnTov,KVP,Zen) VALUES (631310,5070064,1.000,15.500);
INSERT INTO ao_rs2 (TTN,MnTov,KVP,Zen) VALUES (631310,5070154,1.000,15.500);
INSERT INTO ao_rs2 (TTN,MnTov,KVP,Zen) VALUES (631310,5070017,1.000,15.500);
INSERT INTO ao_rs2 (TTN,MnTov,KVP,Zen) VALUES (631360,5070360,2.000,28.550);
INSERT INTO ao_rs2 (TTN,MnTov,KVP,Zen) VALUES (631360,5070371,2.000,28.550);
INSERT INTO ao_rs2 (TTN,MnTov,KVP,Zen) VALUES (631360,5070385,2.000,28.550);
INSERT INTO ao_rs2 (TTN,MnTov,KVP,Zen) VALUES (631362,5070371,3.000,28.550);
INSERT INTO ao_rs2 (TTN,MnTov,KVP,Zen) VALUES (631363,5070487,2.000,24.450);
INSERT INTO ao_rs2 (TTN,MnTov,KVP,Zen) VALUES (631363,5070490,2.000,24.450);
INSERT INTO ao_rs2 (TTN,MnTov,KVP,Zen) VALUES (631363,5070450,2.000,6.500);
INSERT INTO ao_rs2 (TTN,MnTov,KVP,Zen) VALUES (631363,5070451,2.000,6.500);
INSERT INTO ao_rs2 (TTN,MnTov,KVP,Zen) VALUES (631363,5070452,2.000,6.500);
INSERT INTO ao_rs2 (TTN,MnTov,KVP,Zen) VALUES (631363,5070405,2.000,6.450);
INSERT INTO ao_rs2 (TTN,MnTov,KVP,Zen) VALUES (631363,5070404,2.000,6.450);
INSERT INTO ao_rs2 (TTN,MnTov,KVP,Zen) VALUES (631363,5070406,2.000,6.450);
INSERT INTO ao_rs2 (TTN,MnTov,KVP,Zen) VALUES (631363,5070375,1.000,28.550);
INSERT INTO ao_rs2 (TTN,MnTov,KVP,Zen) VALUES (631363,5070382,1.000,28.550);
INSERT INTO ao_rs2 (TTN,MnTov,KVP,Zen) VALUES (631363,5070371,1.000,28.550);
INSERT INTO ao_rs2 (TTN,MnTov,KVP,Zen) VALUES (631363,5070017,2.000,15.500);
INSERT INTO ao_rs2 (TTN,MnTov,KVP,Zen) VALUES (631363,5070064,2.000,15.500);
INSERT INTO ao_rs2 (TTN,MnTov,KVP,Zen) VALUES (631363,5070154,2.000,15.500);
INSERT INTO ao_rs2 (TTN,MnTov,KVP,Zen) VALUES (631363,5070075,2.000,5.500);
INSERT INTO ao_rs2 (TTN,MnTov,KVP,Zen) VALUES (631363,5070080,2.000,5.500);
INSERT INTO ao_rs2 (TTN,MnTov,KVP,Zen) VALUES (631363,5070060,2.000,5.500);
INSERT INTO ao_rs2 (TTN,MnTov,KVP,Zen) VALUES (631363,5070061,2.000,5.500);
INSERT INTO ao_rs2 (TTN,MnTov,KVP,Zen) VALUES (631363,5070062,2.000,5.500);
INSERT INTO ao_rs2 (TTN,MnTov,KVP,Zen) VALUES (631364,5070535,4.000,9.050);
INSERT INTO ao_rs2 (TTN,MnTov,KVP,Zen) VALUES (631364,5070531,4.000,9.050);
INSERT INTO ao_rs2 (TTN,MnTov,KVP,Zen) VALUES (631364,5070532,4.000,9.050);
INSERT INTO ao_rs2 (TTN,MnTov,KVP,Zen) VALUES (631364,5070216,2.000,10.700);
INSERT INTO ao_rs2 (TTN,MnTov,KVP,Zen) VALUES (631364,5070217,1.000,10.700);
INSERT INTO ao_rs2 (TTN,MnTov,KVP,Zen) VALUES (631364,5070448,1.000,10.700);
INSERT INTO ao_rs2 (TTN,MnTov,KVP,Zen) VALUES (631364,5070218,1.000,10.700);
INSERT INTO ao_rs2 (TTN,MnTov,KVP,Zen) VALUES (631364,5070219,1.000,10.700);
INSERT INTO ao_rs2 (TTN,MnTov,KVP,Zen) VALUES (631364,5070562,9.000,8.700);
INSERT INTO ao_rs2 (TTN,MnTov,KVP,Zen) VALUES (631387,5070008,6.000,8.210);
INSERT INTO ao_rs2 (TTN,MnTov,KVP,Zen) VALUES (631387,5070106,6.000,8.210);
INSERT INTO ao_rs2 (TTN,MnTov,KVP,Zen) VALUES (631387,5070515,6.000,21.440);
INSERT INTO ao_rs2 (TTN,MnTov,KVP,Zen) VALUES (631387,5070407,18.000,5.650);
INSERT INTO ao_rs2 (TTN,MnTov,KVP,Zen) VALUES (631387,5070371,6.000,24.970);
INSERT INTO ao_rs2 (TTN,MnTov,KVP,Zen) VALUES (631387,5070391,6.000,24.970);
INSERT INTO ao_rs2 (TTN,MnTov,KVP,Zen) VALUES (631387,5070390,8.000,17.530);
INSERT INTO ao_rs2 (TTN,MnTov,KVP,Zen) VALUES (631387,5070392,8.000,17.530);
INSERT INTO ao_rs2 (TTN,MnTov,KVP,Zen) VALUES (631388,5070469,10.000,11.610);
INSERT INTO ao_rs2 (TTN,MnTov,KVP,Zen) VALUES (631388,5070335,18.000,6.830);
INSERT INTO ao_rs2 (TTN,MnTov,KVP,Zen) VALUES (631388,5070134,9.000,6.830);
INSERT INTO ao_rs2 (TTN,MnTov,KVP,Zen) VALUES (631388,5070122,6.000,12.550);
INSERT INTO ao_rs2 (TTN,MnTov,KVP,Zen) VALUES (631388,5070462,8.000,11.830);
INSERT INTO ao_rs2 (TTN,MnTov,KVP,Zen) VALUES (631388,5070559,8.000,11.830);
INSERT INTO ao_rs2 (TTN,MnTov,KVP,Zen) VALUES (631391,5070490,3.000,23.770);
INSERT INTO ao_rs2 (TTN,MnTov,KVP,Zen) VALUES (631391,5070499,3.000,23.770);
INSERT INTO ao_rs2 (TTN,MnTov,KVP,Zen) VALUES (631391,5070198,3.000,15.040);
INSERT INTO ao_rs2 (TTN,MnTov,KVP,Zen) VALUES (631391,5070436,3.000,15.040);
INSERT INTO ao_rs2 (TTN,MnTov,KVP,Zen) VALUES (631391,5070064,2.000,15.040);
INSERT INTO ao_rs2 (TTN,MnTov,KVP,Zen) VALUES (631391,5070154,4.000,15.040);
INSERT INTO ao_rs2 (TTN,MnTov,KVP,Zen) VALUES (631391,5070075,6.000,5.360);
INSERT INTO ao_rs2 (TTN,MnTov,KVP,Zen) VALUES (631391,5070302,6.000,5.360);
INSERT INTO ao_rs2 (TTN,MnTov,KVP,Zen) VALUES (631391,5070063,6.000,5.360);
INSERT INTO ao_rs2 (TTN,MnTov,KVP,Zen) VALUES (631393,5070490,1.000,23.770);
INSERT INTO ao_rs2 (TTN,MnTov,KVP,Zen) VALUES (631393,5070496,2.000,21.630);
INSERT INTO ao_rs2 (TTN,MnTov,KVP,Zen) VALUES (631393,5070375,1.000,27.740);
INSERT INTO ao_rs2 (TTN,MnTov,KVP,Zen) VALUES (631393,5070371,1.000,27.740);
INSERT INTO ao_rs2 (TTN,MnTov,KVP,Zen) VALUES (631393,5070390,1.000,19.480);
INSERT INTO ao_rs2 (TTN,MnTov,KVP,Zen) VALUES (631393,5070384,1.000,19.480);
INSERT INTO ao_rs2 (TTN,MnTov,KVP,Zen) VALUES (631393,5070017,4.000,15.040);
INSERT INTO ao_rs2 (TTN,MnTov,KVP,Zen) VALUES (631393,5070436,4.000,15.040);
INSERT INTO ao_rs2 (TTN,MnTov,KVP,Zen) VALUES (631393,5070064,4.000,15.040);
INSERT INTO ao_rs2 (TTN,MnTov,KVP,Zen) VALUES (631393,5070154,6.000,15.040);
INSERT INTO ao_rs2 (TTN,MnTov,KVP,Zen) VALUES (631393,5070026,4.000,15.040);
INSERT INTO ao_rs2 (TTN,MnTov,KVP,Zen) VALUES (631393,5070023,4.000,15.040);
INSERT INTO ao_rs2 (TTN,MnTov,KVP,Zen) VALUES (631393,5070031,4.000,15.040);
INSERT INTO ao_rs2 (TTN,MnTov,KVP,Zen) VALUES (631393,5070174,3.000,8.470);
INSERT INTO ao_rs2 (TTN,MnTov,KVP,Zen) VALUES (631393,5070181,3.000,8.470);
INSERT INTO ao_rs2 (TTN,MnTov,KVP,Zen) VALUES (631393,5070175,3.000,8.470);
INSERT INTO ao_rs2 (TTN,MnTov,KVP,Zen) VALUES (631393,5070075,5.000,5.360);
INSERT INTO ao_rs2 (TTN,MnTov,KVP,Zen) VALUES (631393,5070080,5.000,5.360);
INSERT INTO ao_rs2 (TTN,MnTov,KVP,Zen) VALUES (631393,5070060,5.000,5.360);
INSERT INTO ao_rs2 (TTN,MnTov,KVP,Zen) VALUES (631393,5070564,2.000,11.630);
INSERT INTO ao_rs2 (TTN,MnTov,KVP,Zen) VALUES (631393,5070565,2.000,11.630);
INSERT INTO ao_rs2 (TTN,MnTov,KVP,Zen) VALUES (631393,5070566,2.000,11.630);
INSERT INTO ao_rs2 (TTN,MnTov,KVP,Zen) VALUES (631394,5070375,2.000,27.740);
INSERT INTO ao_rs2 (TTN,MnTov,KVP,Zen) VALUES (631394,5070385,2.000,27.740);
INSERT INTO ao_rs2 (TTN,MnTov,KVP,Zen) VALUES (631394,5070390,4.000,19.480);
INSERT INTO ao_rs2 (TTN,MnTov,KVP,Zen) VALUES (631394,5070017,6.000,15.040);
INSERT INTO ao_rs2 (TTN,MnTov,KVP,Zen) VALUES (631395,5070198,12.000,15.040);
INSERT INTO ao_rs2 (TTN,MnTov,KVP,Zen) VALUES (631395,5070026,6.000,15.040);
INSERT INTO ao_rs2 (TTN,MnTov,KVP,Zen) VALUES (631395,5070065,12.000,15.040);
INSERT INTO ao_rs2 (TTN,MnTov,KVP,Zen) VALUES (631395,5070122,6.000,12.550);
INSERT INTO ao_rs2 (TTN,MnTov,KVP,Zen) VALUES (631395,5070555,6.000,12.550);
INSERT INTO ao_rs2 (TTN,MnTov,KVP,Zen) VALUES (631395,5070123,12.000,12.550);
INSERT INTO ao_rs2 (TTN,MnTov,KVP,Zen) VALUES (631395,5070420,6.000,12.550);
INSERT INTO ao_rs2 (TTN,MnTov,KVP,Zen) VALUES (631395,5070435,6.000,14.940);
INSERT INTO ao_rs2 (TTN,MnTov,KVP,Zen) VALUES (631395,5070462,16.000,11.830);
INSERT INTO ao_rs2 (TTN,MnTov,KVP,Zen) VALUES (631396,5070460,2.000,11.830);
INSERT INTO ao_rs2 (TTN,MnTov,KVP,Zen) VALUES (631396,5070461,2.000,11.830);
INSERT INTO ao_rs2 (TTN,MnTov,KVP,Zen) VALUES (631396,5070458,2.000,11.830);
INSERT INTO ao_rs2 (TTN,MnTov,KVP,Zen) VALUES (631396,5070462,2.000,11.830);
INSERT INTO ao_rs2 (TTN,MnTov,KVP,Zen) VALUES (631396,5070459,2.000,11.830);
INSERT INTO ao_rs2 (TTN,MnTov,KVP,Zen) VALUES (631397,5070064,2.000,15.040);
INSERT INTO ao_rs2 (TTN,MnTov,KVP,Zen) VALUES (631397,5070154,2.000,15.040);
INSERT INTO ao_rs2 (TTN,MnTov,KVP,Zen) VALUES (631397,5070026,2.000,15.040);
INSERT INTO ao_rs2 (TTN,MnTov,KVP,Zen) VALUES (631397,5070065,2.000,15.040);
INSERT INTO ao_rs2 (TTN,MnTov,KVP,Zen) VALUES (631398,5070540,3.000,7.450);
INSERT INTO ao_rs2 (TTN,MnTov,KVP,Zen) VALUES (631398,5070542,3.000,7.450);
INSERT INTO ao_rs2 (TTN,MnTov,KVP,Zen) VALUES (631398,5070543,2.000,7.450);
INSERT INTO ao_rs2 (TTN,MnTov,KVP,Zen) VALUES (631398,5070541,2.000,7.450);
INSERT INTO ao_rs2 (TTN,MnTov,KVP,Zen) VALUES (631398,5070390,2.000,19.480);
INSERT INTO ao_rs2 (TTN,MnTov,KVP,Zen) VALUES (631398,5070392,2.000,19.480);
INSERT INTO ao_rs2 (TTN,MnTov,KVP,Zen) VALUES (631398,5070384,2.000,19.480);
INSERT INTO ao_rs2 (TTN,MnTov,KVP,Zen) VALUES (631398,5070017,2.000,15.040);
INSERT INTO ao_rs2 (TTN,MnTov,KVP,Zen) VALUES (631398,5070198,2.000,15.040);
INSERT INTO ao_rs2 (TTN,MnTov,KVP,Zen) VALUES (631398,5070064,2.000,15.040);
INSERT INTO ao_rs2 (TTN,MnTov,KVP,Zen) VALUES (631398,5070154,2.000,15.040);
INSERT INTO ao_rs2 (TTN,MnTov,KVP,Zen) VALUES (631398,5070065,2.000,15.040);
INSERT INTO ao_rs2 (TTN,MnTov,KVP,Zen) VALUES (631399,5070487,1.000,23.770);
INSERT INTO ao_rs2 (TTN,MnTov,KVP,Zen) VALUES (631399,5070490,1.000,23.770);
INSERT INTO ao_rs2 (TTN,MnTov,KVP,Zen) VALUES (631399,5070491,1.000,21.630);
INSERT INTO ao_rs2 (TTN,MnTov,KVP,Zen) VALUES (631399,5070017,3.000,15.040);
INSERT INTO ao_rs2 (TTN,MnTov,KVP,Zen) VALUES (631399,5070198,2.000,15.040);
INSERT INTO ao_rs2 (TTN,MnTov,KVP,Zen) VALUES (631399,5070436,1.000,15.040);
INSERT INTO ao_rs2 (TTN,MnTov,KVP,Zen) VALUES (631399,5070156,2.000,15.040);
INSERT INTO ao_rs2 (TTN,MnTov,KVP,Zen) VALUES (631399,5070154,3.000,15.040);
INSERT INTO ao_rs2 (TTN,MnTov,KVP,Zen) VALUES (631399,5070026,3.000,15.040);
INSERT INTO ao_rs2 (TTN,MnTov,KVP,Zen) VALUES (631400,5070487,2.000,23.770);
INSERT INTO ao_rs2 (TTN,MnTov,KVP,Zen) VALUES (631400,5070490,1.000,23.770);
INSERT INTO ao_rs2 (TTN,MnTov,KVP,Zen) VALUES (631400,5070491,1.000,21.630);
INSERT INTO ao_rs2 (TTN,MnTov,KVP,Zen) VALUES (631400,5070498,1.000,23.770);
INSERT INTO ao_rs2 (TTN,MnTov,KVP,Zen) VALUES (631400,5070408,2.000,4.590);
INSERT INTO ao_rs2 (TTN,MnTov,KVP,Zen) VALUES (631400,5070489,2.000,4.590);
INSERT INTO ao_rs2 (TTN,MnTov,KVP,Zen) VALUES (631400,5070371,1.000,27.740);
INSERT INTO ao_rs2 (TTN,MnTov,KVP,Zen) VALUES (631400,5070391,1.000,27.740);
INSERT INTO ao_rs2 (TTN,MnTov,KVP,Zen) VALUES (631400,5070390,1.000,19.480);
INSERT INTO ao_rs2 (TTN,MnTov,KVP,Zen) VALUES (631400,5070384,1.000,19.480);
INSERT INTO ao_rs2 (TTN,MnTov,KVP,Zen) VALUES (631400,5070386,1.000,19.480);
INSERT INTO ao_rs2 (TTN,MnTov,KVP,Zen) VALUES (631400,5070141,1.000,15.040);
INSERT INTO ao_rs2 (TTN,MnTov,KVP,Zen) VALUES (631400,5070017,1.000,15.040);
INSERT INTO ao_rs2 (TTN,MnTov,KVP,Zen) VALUES (631400,5070198,1.000,15.040);
INSERT INTO ao_rs2 (TTN,MnTov,KVP,Zen) VALUES (631400,5070156,1.000,15.040);
INSERT INTO ao_rs2 (TTN,MnTov,KVP,Zen) VALUES (631400,5070154,2.000,15.040);
INSERT INTO ao_rs2 (TTN,MnTov,KVP,Zen) VALUES (631400,5070026,2.000,15.040);
INSERT INTO ao_rs2 (TTN,MnTov,KVP,Zen) VALUES (631400,5070142,1.000,15.040);
INSERT INTO ao_rs2 (TTN,MnTov,KVP,Zen) VALUES (631400,5070065,3.000,15.040);
INSERT INTO ao_rs2 (TTN,MnTov,KVP,Zen) VALUES (631400,5070075,5.000,5.360);
INSERT INTO ao_rs2 (TTN,MnTov,KVP,Zen) VALUES (631400,5070061,5.000,5.360);
INSERT INTO ao_rs2 (TTN,MnTov,KVP,Zen) VALUES (631401,5070105,6.000,9.130);
INSERT INTO ao_rs2 (TTN,MnTov,KVP,Zen) VALUES (631401,5070106,6.000,9.130);
INSERT INTO ao_rs2 (TTN,MnTov,KVP,Zen) VALUES (631401,5070496,12.000,21.630);
INSERT INTO ao_rs2 (TTN,MnTov,KVP,Zen) VALUES (631401,5070502,3.000,10.710);
INSERT INTO ao_rs2 (TTN,MnTov,KVP,Zen) VALUES (631401,5070506,3.000,10.710);
INSERT INTO ao_rs2 (TTN,MnTov,KVP,Zen) VALUES (631401,5070481,10.000,1.530);
INSERT INTO ao_rs2 (TTN,MnTov,KVP,Zen) VALUES (631401,5070375,6.000,27.740);
INSERT INTO ao_rs2 (TTN,MnTov,KVP,Zen) VALUES (631401,5070385,6.000,27.740);
INSERT INTO ao_rs2 (TTN,MnTov,KVP,Zen) VALUES (631401,5070376,6.000,27.740);
INSERT INTO ao_rs2 (TTN,MnTov,KVP,Zen) VALUES (631401,5070384,8.000,19.480);
INSERT INTO ao_rs2 (TTN,MnTov,KVP,Zen) VALUES (631401,5070395,8.000,19.480);
INSERT INTO ao_rs2 (TTN,MnTov,KVP,Zen) VALUES (631401,5070017,12.000,15.040);
INSERT INTO ao_rs2 (TTN,MnTov,KVP,Zen) VALUES (631401,5070064,12.000,15.040);
INSERT INTO ao_rs2 (TTN,MnTov,KVP,Zen) VALUES (631401,5070154,12.000,15.040);
INSERT INTO ao_rs2 (TTN,MnTov,KVP,Zen) VALUES (631401,5070026,12.000,15.040);
INSERT INTO ao_rs2 (TTN,MnTov,KVP,Zen) VALUES (631401,5070335,6.000,6.830);
INSERT INTO ao_rs2 (TTN,MnTov,KVP,Zen) VALUES (631401,5070132,6.000,6.830);
INSERT INTO ao_rs2 (TTN,MnTov,KVP,Zen) VALUES (631401,5070160,6.000,6.830);
INSERT INTO ao_rs2 (TTN,MnTov,KVP,Zen) VALUES (631401,5070121,6.000,12.550);
INSERT INTO ao_rs2 (TTN,MnTov,KVP,Zen) VALUES (631401,5070118,6.000,12.550);
INSERT INTO ao_rs2 (TTN,MnTov,KVP,Zen) VALUES (631401,5070555,6.000,12.550);
INSERT INTO ao_rs2 (TTN,MnTov,KVP,Zen) VALUES (631401,5070420,6.000,12.550);
INSERT INTO ao_rs2 (TTN,MnTov,KVP,Zen) VALUES (631401,5070461,10.000,11.830);
INSERT INTO ao_rs2 (TTN,MnTov,KVP,Zen) VALUES (631401,5070458,10.000,11.830);
INSERT INTO ao_rs2 (TTN,MnTov,KVP,Zen) VALUES (631401,5070459,10.000,11.830);
INSERT INTO ao_rs2 (TTN,MnTov,KVP,Zen) VALUES (631403,5070371,3.000,27.740);
INSERT INTO ao_rs2 (TTN,MnTov,KVP,Zen) VALUES (631403,5070385,3.000,27.740);
INSERT INTO ao_rs2 (TTN,MnTov,KVP,Zen) VALUES (631403,5070384,4.000,19.480);
INSERT INTO ao_rs2 (TTN,MnTov,KVP,Zen) VALUES (631403,5070386,4.000,19.480);
INSERT INTO ao_rs2 (TTN,MnTov,KVP,Zen) VALUES (631403,5070065,6.000,15.040);
INSERT INTO ao_rs2 (TTN,MnTov,KVP,Zen) VALUES (631403,5070023,6.000,15.040);
INSERT INTO ao_rs2 (TTN,MnTov,KVP,Zen) VALUES (631403,5070075,7.000,5.360);
INSERT INTO ao_rs2 (TTN,MnTov,KVP,Zen) VALUES (631403,5070060,7.000,5.360);
INSERT INTO ao_rs2 (TTN,MnTov,KVP,Zen) VALUES (631403,5070061,7.000,5.360);
INSERT INTO ao_rs2 (TTN,MnTov,KVP,Zen) VALUES (631403,5070063,6.000,5.360);
INSERT INTO ao_rs2 (TTN,MnTov,KVP,Zen) VALUES (631404,5070017,3.000,14.290);
INSERT INTO ao_rs2 (TTN,MnTov,KVP,Zen) VALUES (631404,5070198,3.000,14.290);
INSERT INTO ao_rs2 (TTN,MnTov,KVP,Zen) VALUES (631404,5070154,3.000,14.290);
INSERT INTO ao_rs2 (TTN,MnTov,KVP,Zen) VALUES (631404,5070075,3.000,5.090);
INSERT INTO ao_rs2 (TTN,MnTov,KVP,Zen) VALUES (631404,5070080,3.000,5.090);
INSERT INTO ao_rs2 (TTN,MnTov,KVP,Zen) VALUES (631404,5070060,3.000,5.090);
INSERT INTO ao_rs2 (TTN,MnTov,KVP,Zen) VALUES (631404,5070061,3.000,5.090);
INSERT INTO ao_rs2 (TTN,MnTov,KVP,Zen) VALUES (631405,5070476,1.000,23.770);
INSERT INTO ao_rs2 (TTN,MnTov,KVP,Zen) VALUES (631405,5070498,1.000,23.770);
INSERT INTO ao_rs2 (TTN,MnTov,KVP,Zen) VALUES (631405,5070499,1.000,23.770);
INSERT INTO ao_rs2 (TTN,MnTov,KVP,Zen) VALUES (631405,5070017,3.000,15.040);
INSERT INTO ao_rs2 (TTN,MnTov,KVP,Zen) VALUES (631405,5070198,3.000,15.040);
INSERT INTO ao_rs2 (TTN,MnTov,KVP,Zen) VALUES (631405,5070154,3.000,15.040);
INSERT INTO ao_rs2 (TTN,MnTov,KVP,Zen) VALUES (631405,5070065,6.000,15.040);
INSERT INTO ao_rs2 (TTN,MnTov,KVP,Zen) VALUES (631405,5070175,6.000,8.470);
INSERT INTO ao_rs2 (TTN,MnTov,KVP,Zen) VALUES (631405,5070562,6.000,8.470);
INSERT INTO ao_rs2 (TTN,MnTov,KVP,Zen) VALUES (631406,5070080,1.000,5.360);
INSERT INTO ao_rs2 (TTN,MnTov,KVP,Zen) VALUES (631407,5070105,12.000,9.400);
INSERT INTO ao_rs2 (TTN,MnTov,KVP,Zen) VALUES (631407,5070487,1.000,24.450);
INSERT INTO ao_rs2 (TTN,MnTov,KVP,Zen) VALUES (631407,5070490,1.000,24.450);
INSERT INTO ao_rs2 (TTN,MnTov,KVP,Zen) VALUES (631407,5070375,2.000,28.550);
INSERT INTO ao_rs2 (TTN,MnTov,KVP,Zen) VALUES (631407,5070382,2.000,28.550);
INSERT INTO ao_rs2 (TTN,MnTov,KVP,Zen) VALUES (631407,5070371,2.000,28.550);
INSERT INTO ao_rs2 (TTN,MnTov,KVP,Zen) VALUES (631407,5070383,2.000,28.550);
INSERT INTO ao_rs2 (TTN,MnTov,KVP,Zen) VALUES (631407,5070385,1.000,28.550);
INSERT INTO ao_rs2 (TTN,MnTov,KVP,Zen) VALUES (631407,5070376,2.000,28.550);
INSERT INTO ao_rs2 (TTN,MnTov,KVP,Zen) VALUES (631407,5070017,1.000,15.500);
INSERT INTO ao_rs2 (TTN,MnTov,KVP,Zen) VALUES (631407,5070197,1.000,15.500);
INSERT INTO ao_rs2 (TTN,MnTov,KVP,Zen) VALUES (631407,5070198,2.000,15.500);
INSERT INTO ao_rs2 (TTN,MnTov,KVP,Zen) VALUES (631407,5070064,1.000,15.500);
INSERT INTO ao_rs2 (TTN,MnTov,KVP,Zen) VALUES (631407,5070154,3.000,15.500);
INSERT INTO ao_rs2 (TTN,MnTov,KVP,Zen) VALUES (631407,5070026,2.000,15.500);
INSERT INTO ao_rs2 (TTN,MnTov,KVP,Zen) VALUES (631407,5070065,2.000,15.500);
INSERT INTO ao_rs2 (TTN,MnTov,KVP,Zen) VALUES (631407,5070023,1.000,15.500);
INSERT INTO ao_rs2 (TTN,MnTov,KVP,Zen) VALUES (631407,5070031,2.000,15.500);
INSERT INTO ao_rs2 (TTN,MnTov,KVP,Zen) VALUES (631407,5070216,1.000,10.700);
INSERT INTO ao_rs2 (TTN,MnTov,KVP,Zen) VALUES (631407,5070218,1.000,10.700);
INSERT INTO ao_rs2 (TTN,MnTov,KVP,Zen) VALUES (631407,5070220,1.000,10.700);
INSERT INTO ao_rs2 (TTN,MnTov,KVP,Zen) VALUES (631407,5070174,1.000,8.700);
INSERT INTO ao_rs2 (TTN,MnTov,KVP,Zen) VALUES (631407,5070181,1.000,8.700);
INSERT INTO ao_rs2 (TTN,MnTov,KVP,Zen) VALUES (631407,5070175,1.000,8.700);
INSERT INTO ao_rs2 (TTN,MnTov,KVP,Zen) VALUES (631407,5070177,1.000,8.700);
INSERT INTO ao_rs2 (TTN,MnTov,KVP,Zen) VALUES (631407,5070176,1.000,8.700);
INSERT INTO ao_rs2 (TTN,MnTov,KVP,Zen) VALUES (631407,5070571,2.000,16.550);
INSERT INTO ao_rs2 (TTN,MnTov,KVP,Zen) VALUES (631435,5070476,3.000,21.390);
INSERT INTO ao_rs2 (TTN,MnTov,KVP,Zen) VALUES (631435,5070449,6.000,5.690);
INSERT INTO ao_rs2 (TTN,MnTov,KVP,Zen) VALUES (631435,5070404,6.000,5.650);
INSERT INTO ao_rs2 (TTN,MnTov,KVP,Zen) VALUES (631435,5070375,3.000,24.970);
INSERT INTO ao_rs2 (TTN,MnTov,KVP,Zen) VALUES (631435,5070385,6.000,24.970);
INSERT INTO ao_rs2 (TTN,MnTov,KVP,Zen) VALUES (631435,5070384,4.000,17.530);
INSERT INTO ao_rs2 (TTN,MnTov,KVP,Zen) VALUES (631435,5070017,6.000,13.540);
INSERT INTO ao_rs2 (TTN,MnTov,KVP,Zen) VALUES (631435,5070026,12.000,13.540);
INSERT INTO ao_rs2 (TTN,MnTov,KVP,Zen) VALUES (631435,5070065,6.000,13.540);
INSERT INTO ao_rs2 (TTN,MnTov,KVP,Zen) VALUES (631435,5070174,6.000,7.620);
INSERT INTO ao_rs2 (TTN,MnTov,KVP,Zen) VALUES (631435,5070175,6.000,7.620);
INSERT INTO ao_rs2 (TTN,MnTov,KVP,Zen) VALUES (631435,5070060,9.000,4.820);
INSERT INTO ao_rs2 (TTN,MnTov,KVP,Zen) VALUES (631435,5070122,6.000,12.550);
INSERT INTO ao_rs2 (TTN,MnTov,KVP,Zen) VALUES (631435,5070555,6.000,12.550);
INSERT INTO ao_rs2 (TTN,MnTov,KVP,Zen) VALUES (631435,5070420,6.000,12.550);
INSERT INTO ao_rs2 (TTN,MnTov,KVP,Zen) VALUES (631448,5070105,6.000,9.130);
INSERT INTO ao_rs2 (TTN,MnTov,KVP,Zen) VALUES (631448,5070106,6.000,9.130);
INSERT INTO ao_rs2 (TTN,MnTov,KVP,Zen) VALUES (631448,5070516,3.000,23.820);
INSERT INTO ao_rs2 (TTN,MnTov,KVP,Zen) VALUES (631448,5070487,3.000,23.770);
INSERT INTO ao_rs2 (TTN,MnTov,KVP,Zen) VALUES (631448,5070476,3.000,23.770);
INSERT INTO ao_rs2 (TTN,MnTov,KVP,Zen) VALUES (631448,5070500,3.000,19.730);
INSERT INTO ao_rs2 (TTN,MnTov,KVP,Zen) VALUES (631448,5070408,5.000,4.590);
INSERT INTO ao_rs2 (TTN,MnTov,KVP,Zen) VALUES (631448,5070481,5.000,1.530);
INSERT INTO ao_rs2 (TTN,MnTov,KVP,Zen) VALUES (631448,5070385,6.000,27.740);
INSERT INTO ao_rs2 (TTN,MnTov,KVP,Zen) VALUES (631448,5070384,4.000,19.480);
INSERT INTO ao_rs2 (TTN,MnTov,KVP,Zen) VALUES (631448,5070142,3.000,15.040);
INSERT INTO ao_rs2 (TTN,MnTov,KVP,Zen) VALUES (631448,5070302,9.000,5.360);
INSERT INTO ao_rs2 (TTN,MnTov,KVP,Zen) VALUES (631448,5070060,9.000,5.360);
INSERT INTO ao_rs2 (TTN,MnTov,KVP,Zen) VALUES (631448,5070063,9.000,5.360);
INSERT INTO ao_rs2 (TTN,MnTov,KVP,Zen) VALUES (631448,5070062,9.000,5.360);
INSERT INTO ao_rs2 (TTN,MnTov,KVP,Zen) VALUES (631448,5070292,6.000,12.490);
INSERT INTO ao_rs2 (TTN,MnTov,KVP,Zen) VALUES (631448,5070121,3.000,12.550);
INSERT INTO ao_rs2 (TTN,MnTov,KVP,Zen) VALUES (631448,5070118,3.000,12.550);
INSERT INTO ao_rs2 (TTN,MnTov,KVP,Zen) VALUES (631448,5070122,3.000,12.550);
INSERT INTO ao_rs2 (TTN,MnTov,KVP,Zen) VALUES (631448,5070555,3.000,12.550);
INSERT INTO ao_rs2 (TTN,MnTov,KVP,Zen) VALUES (631448,5070460,4.000,11.830);
INSERT INTO ao_rs2 (TTN,MnTov,KVP,Zen) VALUES (631448,5070461,4.000,11.830);
INSERT INTO ao_rs2 (TTN,MnTov,KVP,Zen) VALUES (631448,5070458,4.000,11.830);
INSERT INTO ao_rs2 (TTN,MnTov,KVP,Zen) VALUES (631448,5070462,4.000,11.830);
INSERT INTO ao_rs2 (TTN,MnTov,KVP,Zen) VALUES (631448,5070459,4.000,11.830);
INSERT INTO ao_rs2 (TTN,MnTov,KVP,Zen) VALUES (631448,5070553,9.000,5.360);
INSERT INTO ao_rs2 (TTN,MnTov,KVP,Zen) VALUES (631449,5070405,6.000,5.650);
INSERT INTO ao_rs2 (TTN,MnTov,KVP,Zen) VALUES (631449,5070371,3.000,24.970);
INSERT INTO ao_rs2 (TTN,MnTov,KVP,Zen) VALUES (631449,5070390,4.000,17.530);
INSERT INTO ao_rs2 (TTN,MnTov,KVP,Zen) VALUES (631449,5070017,6.000,13.540);
INSERT INTO ao_rs2 (TTN,MnTov,KVP,Zen) VALUES (631449,5070154,6.000,13.540);
INSERT INTO ao_rs2 (TTN,MnTov,KVP,Zen) VALUES (631449,5070174,6.000,7.620);
INSERT INTO ao_rs2 (TTN,MnTov,KVP,Zen) VALUES (631449,5070555,6.000,12.550);
INSERT INTO ao_rs2 (TTN,MnTov,KVP,Zen) VALUES (631455,5070360,1.000,27.740);
INSERT INTO ao_rs2 (TTN,MnTov,KVP,Zen) VALUES (631458,5070498,3.000,23.770);
INSERT INTO ao_rs2 (TTN,MnTov,KVP,Zen) VALUES (631458,5070505,3.000,10.710);
INSERT INTO ao_rs2 (TTN,MnTov,KVP,Zen) VALUES (631458,5070384,8.000,19.480);
INSERT INTO ao_rs2 (TTN,MnTov,KVP,Zen) VALUES (631458,5070162,36.000,6.830);
INSERT INTO ao_rs2 (TTN,MnTov,KVP,Zen) VALUES (631458,5070121,6.000,12.550);
INSERT INTO ao_rs2 (TTN,MnTov,KVP,Zen) VALUES (631458,5070118,6.000,12.550);
INSERT INTO ao_rs2 (TTN,MnTov,KVP,Zen) VALUES (631458,5070123,6.000,12.550);
INSERT INTO ao_rs2 (TTN,MnTov,KVP,Zen) VALUES (631460,5070500,1.000,19.730);
INSERT INTO ao_rs2 (TTN,MnTov,KVP,Zen) VALUES (631468,5070329,6.000,12.550);
INSERT INTO ao_rs2 (TTN,MnTov,KVP,Zen) VALUES (631541,5070141,6.000,14.290);
INSERT INTO ao_rs2 (TTN,MnTov,KVP,Zen) VALUES (631541,5070065,6.000,14.290);
INSERT INTO ao_rs2 (TTN,MnTov,KVP,Zen) VALUES (631541,5070562,9.000,8.040);
INSERT INTO ao_rs2 (TTN,MnTov,KVP,Zen) VALUES (631591,5070449,1.000,6.330);
INSERT INTO ao_rs2 (TTN,MnTov,KVP,Zen) VALUES (631591,5070451,1.000,6.330);
INSERT INTO ao_rs2 (TTN,MnTov,KVP,Zen) VALUES (631591,5070452,1.000,6.330);
INSERT INTO ao_rs2 (TTN,MnTov,KVP,Zen) VALUES (631591,5070404,2.000,6.280);
INSERT INTO ao_rs2 (TTN,MnTov,KVP,Zen) VALUES (631591,5070406,2.000,6.280);
INSERT INTO ao_rs2 (TTN,MnTov,KVP,Zen) VALUES (631591,5070407,2.000,6.280);
INSERT INTO ao_rs2 (TTN,MnTov,KVP,Zen) VALUES (631591,5070017,1.000,15.040);
INSERT INTO ao_rs2 (TTN,MnTov,KVP,Zen) VALUES (631591,5070198,1.000,15.040);
INSERT INTO ao_rs2 (TTN,MnTov,KVP,Zen) VALUES (631591,5070154,1.000,15.040);
INSERT INTO ao_rs2 (TTN,MnTov,KVP,Zen) VALUES (631591,5070026,1.000,15.040);
INSERT INTO ao_rs2 (TTN,MnTov,KVP,Zen) VALUES (631591,5070065,2.000,15.040);
INSERT INTO ao_rs2 (TTN,MnTov,KVP,Zen) VALUES (631592,5070385,6.000,27.740);
INSERT INTO ao_rs2 (TTN,MnTov,KVP,Zen) VALUES (631592,5070390,4.000,19.480);
INSERT INTO ao_rs2 (TTN,MnTov,KVP,Zen) VALUES (631592,5070395,4.000,19.480);
INSERT INTO ao_rs2 (TTN,MnTov,KVP,Zen) VALUES (631592,5070017,6.000,15.040);
INSERT INTO ao_rs2 (TTN,MnTov,KVP,Zen) VALUES (631592,5070154,6.000,15.040);
INSERT INTO ao_rs2 (TTN,MnTov,KVP,Zen) VALUES (631592,5070065,6.000,15.040);
INSERT INTO ao_rs2 (TTN,MnTov,KVP,Zen) VALUES (631592,5070023,6.000,15.040);
INSERT INTO ao_rs2 (TTN,MnTov,KVP,Zen) VALUES (631592,5070031,6.000,15.040);
INSERT INTO ao_rs2 (TTN,MnTov,KVP,Zen) VALUES (631593,5070405,3.000,6.280);
INSERT INTO ao_rs2 (TTN,MnTov,KVP,Zen) VALUES (631593,5070404,3.000,6.280);
INSERT INTO ao_rs2 (TTN,MnTov,KVP,Zen) VALUES (631593,5070407,3.000,6.280);
INSERT INTO ao_rs2 (TTN,MnTov,KVP,Zen) VALUES (631593,5070375,3.000,27.740);
INSERT INTO ao_rs2 (TTN,MnTov,KVP,Zen) VALUES (631593,5070382,2.000,27.740);
INSERT INTO ao_rs2 (TTN,MnTov,KVP,Zen) VALUES (631593,5070371,2.000,27.740);
INSERT INTO ao_rs2 (TTN,MnTov,KVP,Zen) VALUES (631593,5070383,2.000,27.740);
INSERT INTO ao_rs2 (TTN,MnTov,KVP,Zen) VALUES (631593,5070385,3.000,27.740);
INSERT INTO ao_rs2 (TTN,MnTov,KVP,Zen) VALUES (631593,5070376,2.000,27.740);
INSERT INTO ao_rs2 (TTN,MnTov,KVP,Zen) VALUES (631593,5070390,2.000,19.480);
INSERT INTO ao_rs2 (TTN,MnTov,KVP,Zen) VALUES (631593,5070384,3.000,19.480);
INSERT INTO ao_rs2 (TTN,MnTov,KVP,Zen) VALUES (631593,5070395,3.000,19.480);
INSERT INTO ao_rs2 (TTN,MnTov,KVP,Zen) VALUES (631593,5070017,4.000,15.040);
INSERT INTO ao_rs2 (TTN,MnTov,KVP,Zen) VALUES (631593,5070023,3.000,15.040);
INSERT INTO ao_rs2 (TTN,MnTov,KVP,Zen) VALUES (631593,5070175,5.000,8.470);
INSERT INTO ao_rs2 (TTN,MnTov,KVP,Zen) VALUES (631593,5070562,5.000,8.470);
INSERT INTO ao_rs2 (TTN,MnTov,KVP,Zen) VALUES (631594,5070335,3.000,6.830);
INSERT INTO ao_rs2 (TTN,MnTov,KVP,Zen) VALUES (631594,5070160,3.000,6.830);
INSERT INTO ao_rs2 (TTN,MnTov,KVP,Zen) VALUES (631594,5070161,3.000,6.830);
INSERT INTO ao_rs2 (TTN,MnTov,KVP,Zen) VALUES (631594,5070163,3.000,6.830);
INSERT INTO ao_rs2 (TTN,MnTov,KVP,Zen) VALUES (631594,5070301,3.000,6.830);
INSERT INTO ao_rs2 (TTN,MnTov,KVP,Zen) VALUES (631594,5070134,3.000,6.830);
INSERT INTO ao_rs2 (TTN,MnTov,KVP,Zen) VALUES (631634,5070375,1.000,28.550);
INSERT INTO ao_rs2 (TTN,MnTov,KVP,Zen) VALUES (631634,5070382,1.000,28.550);
INSERT INTO ao_rs2 (TTN,MnTov,KVP,Zen) VALUES (631634,5070371,1.000,28.550);
INSERT INTO ao_rs2 (TTN,MnTov,KVP,Zen) VALUES (631634,5070383,1.000,28.550);
INSERT INTO ao_rs2 (TTN,MnTov,KVP,Zen) VALUES (631634,5070385,2.000,28.550);
INSERT INTO ao_rs2 (TTN,MnTov,KVP,Zen) VALUES (631634,5070390,2.000,20.050);
INSERT INTO ao_rs2 (TTN,MnTov,KVP,Zen) VALUES (631634,5070392,1.000,20.050);
INSERT INTO ao_rs2 (TTN,MnTov,KVP,Zen) VALUES (631634,5070384,1.000,20.050);
INSERT INTO ao_rs2 (TTN,MnTov,KVP,Zen) VALUES (631634,5070386,2.000,20.050);
INSERT INTO ao_rs2 (TTN,MnTov,KVP,Zen) VALUES (631634,5070395,2.000,20.050);
INSERT INTO ao_rs2 (TTN,MnTov,KVP,Zen) VALUES (631634,5070017,2.000,15.500);
INSERT INTO ao_rs2 (TTN,MnTov,KVP,Zen) VALUES (631634,5070198,1.000,15.500);
INSERT INTO ao_rs2 (TTN,MnTov,KVP,Zen) VALUES (631634,5070064,1.000,15.500);
INSERT INTO ao_rs2 (TTN,MnTov,KVP,Zen) VALUES (631634,5070154,1.000,15.500);
INSERT INTO ao_rs2 (TTN,MnTov,KVP,Zen) VALUES (631634,5070065,2.000,15.500);
INSERT INTO ao_rs2 (TTN,MnTov,KVP,Zen) VALUES (631634,5070174,2.000,8.700);
INSERT INTO ao_rs2 (TTN,MnTov,KVP,Zen) VALUES (631634,5070234,1.000,8.700);
INSERT INTO ao_rs2 (TTN,MnTov,KVP,Zen) VALUES (631634,5070181,1.000,8.700);
INSERT INTO ao_rs2 (TTN,MnTov,KVP,Zen) VALUES (631634,5070175,1.000,8.700);
INSERT INTO ao_rs2 (TTN,MnTov,KVP,Zen) VALUES (631634,5070176,1.000,8.700);
INSERT INTO ao_rs2 (TTN,MnTov,KVP,Zen) VALUES (631634,5070075,3.000,5.500);
INSERT INTO ao_rs2 (TTN,MnTov,KVP,Zen) VALUES (631634,5070080,3.000,5.500);
INSERT INTO ao_rs2 (TTN,MnTov,KVP,Zen) VALUES (631634,5070060,3.000,5.500);
INSERT INTO ao_rs2 (TTN,MnTov,KVP,Zen) VALUES (631634,5070061,3.000,5.500);
INSERT INTO ao_rs2 (TTN,MnTov,KVP,Zen) VALUES (631637,5070375,3.000,28.550);
INSERT INTO ao_rs2 (TTN,MnTov,KVP,Zen) VALUES (631637,5070371,3.000,28.550);
INSERT INTO ao_rs2 (TTN,MnTov,KVP,Zen) VALUES (631637,5070384,3.000,20.050);
INSERT INTO ao_rs2 (TTN,MnTov,KVP,Zen) VALUES (631637,5070395,3.000,20.050);
INSERT INTO ao_rs2 (TTN,MnTov,KVP,Zen) VALUES (631637,5070174,5.000,8.700);
INSERT INTO ao_rs2 (TTN,MnTov,KVP,Zen) VALUES (631637,5070175,5.000,8.700);
INSERT INTO ao_rs2 (TTN,MnTov,KVP,Zen) VALUES (631641,5070080,3.000,5.500);
INSERT INTO ao_rs2 (TTN,MnTov,KVP,Zen) VALUES (631641,5070060,3.000,5.500);
INSERT INTO ao_rs2 (TTN,MnTov,KVP,Zen) VALUES (631641,5070099,3.000,5.500);
INSERT INTO ao_rs2 (TTN,MnTov,KVP,Zen) VALUES (631641,5070062,3.000,5.500);
INSERT INTO ao_rs2 (TTN,MnTov,KVP,Zen) VALUES (631641,5070553,3.000,5.500);
INSERT INTO ao_rs2 (TTN,MnTov,KVP,Zen) VALUES (631643,5070017,1.000,15.500);
INSERT INTO ao_rs2 (TTN,MnTov,KVP,Zen) VALUES (631643,5070198,1.000,15.500);
INSERT INTO ao_rs2 (TTN,MnTov,KVP,Zen) VALUES (631643,5070436,1.000,15.500);
INSERT INTO ao_rs2 (TTN,MnTov,KVP,Zen) VALUES (631643,5070064,1.000,15.500);
INSERT INTO ao_rs2 (TTN,MnTov,KVP,Zen) VALUES (631643,5070154,1.000,15.500);
INSERT INTO ao_rs2 (TTN,MnTov,KVP,Zen) VALUES (631643,5070026,1.000,15.500);
INSERT INTO ao_rs2 (TTN,MnTov,KVP,Zen) VALUES (631644,5070390,1.000,20.050);
INSERT INTO ao_rs2 (TTN,MnTov,KVP,Zen) VALUES (631644,5070392,1.000,20.050);
INSERT INTO ao_rs2 (TTN,MnTov,KVP,Zen) VALUES (631644,5070384,1.000,20.050);
INSERT INTO ao_rs2 (TTN,MnTov,KVP,Zen) VALUES (631644,5070198,1.000,15.500);
INSERT INTO ao_rs2 (TTN,MnTov,KVP,Zen) VALUES (631644,5070436,1.000,15.500);
INSERT INTO ao_rs2 (TTN,MnTov,KVP,Zen) VALUES (631644,5070154,2.000,15.500);
INSERT INTO ao_rs2 (TTN,MnTov,KVP,Zen) VALUES (631644,5070026,2.000,15.500);
INSERT INTO ao_rs2 (TTN,MnTov,KVP,Zen) VALUES (631644,5070174,1.000,8.700);
INSERT INTO ao_rs2 (TTN,MnTov,KVP,Zen) VALUES (631644,5070181,1.000,8.700);
INSERT INTO ao_rs2 (TTN,MnTov,KVP,Zen) VALUES (631644,5070175,1.000,8.700);
INSERT INTO ao_rs2 (TTN,MnTov,KVP,Zen) VALUES (631645,5070448,1.000,10.700);
INSERT INTO ao_rs2 (TTN,MnTov,KVP,Zen) VALUES (631645,5070144,1.000,12.490);
INSERT INTO ao_rs2 (TTN,MnTov,KVP,Zen) VALUES (631645,5070219,1.000,10.700);
INSERT INTO ao_rs2 (TTN,MnTov,KVP,Zen) VALUES (631646,5070174,2.000,8.700);
INSERT INTO ao_rs2 (TTN,MnTov,KVP,Zen) VALUES (631646,5070234,1.000,8.700);
INSERT INTO ao_rs2 (TTN,MnTov,KVP,Zen) VALUES (631646,5070181,2.000,8.700);
INSERT INTO ao_rs2 (TTN,MnTov,KVP,Zen) VALUES (631646,5070175,2.000,8.700);
INSERT INTO ao_rs2 (TTN,MnTov,KVP,Zen) VALUES (631646,5070177,1.000,8.700);
INSERT INTO ao_rs2 (TTN,MnTov,KVP,Zen) VALUES (631646,5070176,2.000,8.700);
INSERT INTO ao_rs2 (TTN,MnTov,KVP,Zen) VALUES (631647,5070335,2.000,7.050);
INSERT INTO ao_rs2 (TTN,MnTov,KVP,Zen) VALUES (631647,5070132,2.000,7.050);
INSERT INTO ao_rs2 (TTN,MnTov,KVP,Zen) VALUES (631647,5070160,2.000,7.050);
INSERT INTO ao_rs2 (TTN,MnTov,KVP,Zen) VALUES (631647,5070162,1.000,7.050);
INSERT INTO ao_rs2 (TTN,MnTov,KVP,Zen) VALUES (631647,5070163,1.000,7.050);
INSERT INTO ao_rs2 (TTN,MnTov,KVP,Zen) VALUES (631647,5070336,1.000,7.050);
INSERT INTO ao_rs2 (TTN,MnTov,KVP,Zen) VALUES (631647,5070301,1.000,7.050);
INSERT INTO ao_rs2 (TTN,MnTov,KVP,Zen) VALUES (631647,5070134,2.000,7.050);
INSERT INTO ao_rs2 (TTN,MnTov,KVP,Zen) VALUES (631647,5070172,2.000,12.900);
INSERT INTO ao_rs2 (TTN,MnTov,KVP,Zen) VALUES (631647,5070121,2.000,12.900);
INSERT INTO ao_rs2 (TTN,MnTov,KVP,Zen) VALUES (631647,5070118,2.000,12.900);
INSERT INTO ao_rs2 (TTN,MnTov,KVP,Zen) VALUES (631647,5070555,2.000,12.900);
INSERT INTO ao_rs2 (TTN,MnTov,KVP,Zen) VALUES (631647,5070123,2.000,12.900);
INSERT INTO ao_rs2 (TTN,MnTov,KVP,Zen) VALUES (631647,5070329,1.000,12.900);
INSERT INTO ao_rs2 (TTN,MnTov,KVP,Zen) VALUES (631647,5070420,1.000,12.900);
INSERT INTO ao_rs2 (TTN,MnTov,KVP,Zen) VALUES (631648,5070174,2.000,8.700);
INSERT INTO ao_rs2 (TTN,MnTov,KVP,Zen) VALUES (631648,5070234,2.000,8.700);
INSERT INTO ao_rs2 (TTN,MnTov,KVP,Zen) VALUES (631648,5070181,2.000,8.700);
INSERT INTO ao_rs2 (TTN,MnTov,KVP,Zen) VALUES (631648,5070175,2.000,8.700);
INSERT INTO ao_rs2 (TTN,MnTov,KVP,Zen) VALUES (631648,5070176,2.000,8.700);
INSERT INTO ao_rs2 (TTN,MnTov,KVP,Zen) VALUES (631648,5070075,3.000,5.500);
INSERT INTO ao_rs2 (TTN,MnTov,KVP,Zen) VALUES (631648,5070302,2.000,5.500);
INSERT INTO ao_rs2 (TTN,MnTov,KVP,Zen) VALUES (631648,5070080,2.000,5.500);
INSERT INTO ao_rs2 (TTN,MnTov,KVP,Zen) VALUES (631648,5070060,2.000,5.500);
INSERT INTO ao_rs2 (TTN,MnTov,KVP,Zen) VALUES (631648,5070061,2.000,5.500);
INSERT INTO ao_rs2 (TTN,MnTov,KVP,Zen) VALUES (631648,5070062,2.000,5.500);
INSERT INTO ao_rs2 (TTN,MnTov,KVP,Zen) VALUES (631648,5070553,2.000,5.500);
INSERT INTO ao_rs2 (TTN,MnTov,KVP,Zen) VALUES (631649,5070174,2.000,8.700);
INSERT INTO ao_rs2 (TTN,MnTov,KVP,Zen) VALUES (631649,5070234,2.000,8.700);
INSERT INTO ao_rs2 (TTN,MnTov,KVP,Zen) VALUES (631649,5070181,2.000,8.700);
INSERT INTO ao_rs2 (TTN,MnTov,KVP,Zen) VALUES (631649,5070175,2.000,8.700);
INSERT INTO ao_rs2 (TTN,MnTov,KVP,Zen) VALUES (631649,5070176,2.000,8.700);
INSERT INTO ao_rs2 (TTN,MnTov,KVP,Zen) VALUES (631700,5070105,12.000,9.130);
INSERT INTO ao_rs2 (TTN,MnTov,KVP,Zen) VALUES (631700,5070491,3.000,21.630);
INSERT INTO ao_rs2 (TTN,MnTov,KVP,Zen) VALUES (631700,5070499,3.000,23.770);
INSERT INTO ao_rs2 (TTN,MnTov,KVP,Zen) VALUES (631700,5070408,11.000,4.590);
INSERT INTO ao_rs2 (TTN,MnTov,KVP,Zen) VALUES (631700,5070466,5.000,12.900);
INSERT INTO ao_rs2 (TTN,MnTov,KVP,Zen) VALUES (631700,5070467,5.000,12.900);
INSERT INTO ao_rs2 (TTN,MnTov,KVP,Zen) VALUES (631700,5070468,5.000,12.900);
INSERT INTO ao_rs2 (TTN,MnTov,KVP,Zen) VALUES (631700,5070360,6.000,27.740);
INSERT INTO ao_rs2 (TTN,MnTov,KVP,Zen) VALUES (631700,5070371,6.000,27.740);
INSERT INTO ao_rs2 (TTN,MnTov,KVP,Zen) VALUES (631700,5070383,6.000,27.740);
INSERT INTO ao_rs2 (TTN,MnTov,KVP,Zen) VALUES (631700,5070385,6.000,27.740);
INSERT INTO ao_rs2 (TTN,MnTov,KVP,Zen) VALUES (631700,5070376,6.000,27.740);
INSERT INTO ao_rs2 (TTN,MnTov,KVP,Zen) VALUES (631700,5070395,8.000,19.480);
INSERT INTO ao_rs2 (TTN,MnTov,KVP,Zen) VALUES (631700,5070141,6.000,15.040);
INSERT INTO ao_rs2 (TTN,MnTov,KVP,Zen) VALUES (631700,5070436,6.000,15.040);
INSERT INTO ao_rs2 (TTN,MnTov,KVP,Zen) VALUES (631700,5070156,6.000,15.040);
INSERT INTO ao_rs2 (TTN,MnTov,KVP,Zen) VALUES (631700,5070031,6.000,15.040);
INSERT INTO ao_rs2 (TTN,MnTov,KVP,Zen) VALUES (631700,5070220,6.000,10.400);
INSERT INTO ao_rs2 (TTN,MnTov,KVP,Zen) VALUES (631700,5070302,9.000,5.360);
INSERT INTO ao_rs2 (TTN,MnTov,KVP,Zen) VALUES (631700,5070120,6.000,12.550);
INSERT INTO ao_rs2 (TTN,MnTov,KVP,Zen) VALUES (631700,5070121,6.000,12.550);
INSERT INTO ao_rs2 (TTN,MnTov,KVP,Zen) VALUES (631700,5070118,3.000,12.550);
INSERT INTO ao_rs2 (TTN,MnTov,KVP,Zen) VALUES (631700,5070122,3.000,12.550);
INSERT INTO ao_rs2 (TTN,MnTov,KVP,Zen) VALUES (631700,5070123,6.000,12.550);
INSERT INTO ao_rs2 (TTN,MnTov,KVP,Zen) VALUES (631700,5070420,6.000,12.550);
INSERT INTO ao_rs2 (TTN,MnTov,KVP,Zen) VALUES (631702,5070390,8.000,19.480);
INSERT INTO ao_rs2 (TTN,MnTov,KVP,Zen) VALUES (631702,5070176,18.000,8.470);
INSERT INTO ao_rs2 (TTN,MnTov,KVP,Zen) VALUES (631702,5070060,14.000,5.360);
INSERT INTO ao_rs2 (TTN,MnTov,KVP,Zen) VALUES (631702,5070061,27.000,5.360);
INSERT INTO ao_rs2 (TTN,MnTov,KVP,Zen) VALUES (631702,5070099,13.000,5.360);
INSERT INTO ao_rs2 (TTN,MnTov,KVP,Zen) VALUES (631702,5070260,12.000,12.240);
INSERT INTO ao_rs2 (TTN,MnTov,KVP,Zen) VALUES (631702,5070056,12.000,12.490);
INSERT INTO ao_rs2 (TTN,MnTov,KVP,Zen) VALUES (631702,5070160,18.000,6.830);
INSERT INTO ao_rs2 (TTN,MnTov,KVP,Zen) VALUES (631702,5070121,6.000,12.550);
INSERT INTO ao_rs2 (TTN,MnTov,KVP,Zen) VALUES (631702,5070555,6.000,12.550);
INSERT INTO ao_rs2 (TTN,MnTov,KVP,Zen) VALUES (631702,5070329,6.000,12.550);
INSERT INTO ao_rs2 (TTN,MnTov,KVP,Zen) VALUES (631702,5070420,6.000,12.550);
INSERT INTO ao_rs2 (TTN,MnTov,KVP,Zen) VALUES (631703,5070383,2.000,27.740);
INSERT INTO ao_rs2 (TTN,MnTov,KVP,Zen) VALUES (631703,5070384,3.000,19.480);
INSERT INTO ao_rs2 (TTN,MnTov,KVP,Zen) VALUES (631703,5070386,3.000,19.480);
INSERT INTO ao_rs2 (TTN,MnTov,KVP,Zen) VALUES (631703,5070017,3.000,15.040);
INSERT INTO ao_rs2 (TTN,MnTov,KVP,Zen) VALUES (631703,5070064,3.000,15.040);
INSERT INTO ao_rs2 (TTN,MnTov,KVP,Zen) VALUES (631703,5070174,5.000,8.470);
INSERT INTO ao_rs2 (TTN,MnTov,KVP,Zen) VALUES (631703,5070181,5.000,8.470);
INSERT INTO ao_rs2 (TTN,MnTov,KVP,Zen) VALUES (631703,5070175,5.000,8.470);
INSERT INTO ao_rs2 (TTN,MnTov,KVP,Zen) VALUES (631703,5070060,5.000,5.360);
INSERT INTO ao_rs2 (TTN,MnTov,KVP,Zen) VALUES (631728,5070375,1.000,28.550);
INSERT INTO ao_rs2 (TTN,MnTov,KVP,Zen) VALUES (631728,5070360,1.000,28.550);
INSERT INTO ao_rs2 (TTN,MnTov,KVP,Zen) VALUES (631728,5070371,1.000,28.550);
INSERT INTO ao_rs2 (TTN,MnTov,KVP,Zen) VALUES (631728,5070383,1.000,28.550);
INSERT INTO ao_rs2 (TTN,MnTov,KVP,Zen) VALUES (631728,5070385,1.000,28.550);
INSERT INTO ao_rs2 (TTN,MnTov,KVP,Zen) VALUES (631728,5070376,1.000,28.550);
INSERT INTO ao_rs2 (TTN,MnTov,KVP,Zen) VALUES (631728,5070197,2.000,15.500);
INSERT INTO ao_rs2 (TTN,MnTov,KVP,Zen) VALUES (631728,5070198,2.000,15.500);
INSERT INTO ao_rs2 (TTN,MnTov,KVP,Zen) VALUES (631728,5070436,2.000,15.500);
INSERT INTO ao_rs2 (TTN,MnTov,KVP,Zen) VALUES (631728,5070154,2.000,15.500);
INSERT INTO ao_rs2 (TTN,MnTov,KVP,Zen) VALUES (631728,5070026,2.000,15.500);
INSERT INTO ao_rs2 (TTN,MnTov,KVP,Zen) VALUES (631728,5070065,1.000,15.500);
INSERT INTO ao_rs2 (TTN,MnTov,KVP,Zen) VALUES (631728,5070061,9.000,5.500);
INSERT INTO ao_rs2 (TTN,MnTov,KVP,Zen) VALUES (631728,5070080,9.000,5.500);
INSERT INTO ao_rs2 (TTN,MnTov,KVP,Zen) VALUES (631728,5070060,9.000,5.500);
INSERT INTO ao_rs2 (TTN,MnTov,KVP,Zen) VALUES (631728,5070064,1.000,15.500);
INSERT INTO ao_rs2 (TTN,MnTov,KVP,Zen) VALUES (631728,5070420,1.000,12.900);
INSERT INTO ao_rs2 (TTN,MnTov,KVP,Zen) VALUES (631728,5070118,1.000,12.900);
INSERT INTO ao_rs2 (TTN,MnTov,KVP,Zen) VALUES (631728,5070172,1.000,12.900);
INSERT INTO ao_rs2 (TTN,MnTov,KVP,Zen) VALUES (631728,5070555,1.000,12.900);
INSERT INTO ao_rs2 (TTN,MnTov,KVP,Zen) VALUES (631730,5070564,2.000,11.950);
INSERT INTO ao_rs2 (TTN,MnTov,KVP,Zen) VALUES (631730,5070565,2.000,11.950);
INSERT INTO ao_rs2 (TTN,MnTov,KVP,Zen) VALUES (631730,5070375,1.000,28.550);
INSERT INTO ao_rs2 (TTN,MnTov,KVP,Zen) VALUES (631730,5070371,1.000,28.550);
INSERT INTO ao_rs2 (TTN,MnTov,KVP,Zen) VALUES (631730,5070383,1.000,28.550);
INSERT INTO ao_rs2 (TTN,MnTov,KVP,Zen) VALUES (631730,5070376,1.000,28.550);
INSERT INTO ao_rs2 (TTN,MnTov,KVP,Zen) VALUES (631730,5070360,1.000,28.550);
INSERT INTO ao_rs2 (TTN,MnTov,KVP,Zen) VALUES (631730,5070385,1.000,28.550);
INSERT INTO ao_rs2 (TTN,MnTov,KVP,Zen) VALUES (631730,5070390,2.000,20.050);
INSERT INTO ao_rs2 (TTN,MnTov,KVP,Zen) VALUES (631730,5070384,2.000,20.050);
INSERT INTO ao_rs2 (TTN,MnTov,KVP,Zen) VALUES (631730,5070386,2.000,20.050);
INSERT INTO ao_rs2 (TTN,MnTov,KVP,Zen) VALUES (631730,5070034,1.000,20.050);
INSERT INTO ao_rs2 (TTN,MnTov,KVP,Zen) VALUES (631730,5070392,1.000,20.050);
INSERT INTO ao_rs2 (TTN,MnTov,KVP,Zen) VALUES (631730,5070187,1.000,9.050);
INSERT INTO ao_rs2 (TTN,MnTov,KVP,Zen) VALUES (631730,5070188,1.000,9.050);
INSERT INTO ao_rs2 (TTN,MnTov,KVP,Zen) VALUES (631730,5070413,1.000,9.050);
INSERT INTO ao_rs2 (TTN,MnTov,KVP,Zen) VALUES (631730,5070190,1.000,9.050);
INSERT INTO ao_rs2 (TTN,MnTov,KVP,Zen) VALUES (631731,5070329,6.000,12.900);
INSERT INTO ao_rs2 (TTN,MnTov,KVP,Zen) VALUES (631731,5070118,12.000,12.900);
INSERT INTO ao_rs2 (TTN,MnTov,KVP,Zen) VALUES (631731,5070123,6.000,12.900);
INSERT INTO ao_rs2 (TTN,MnTov,KVP,Zen) VALUES (631731,5070172,6.000,12.900);
INSERT INTO ao_rs2 (TTN,MnTov,KVP,Zen) VALUES (631731,5070420,12.000,12.900);
INSERT INTO ao_rs2 (TTN,MnTov,KVP,Zen) VALUES (631731,5070120,6.000,12.900);
INSERT INTO ao_rs2 (TTN,MnTov,KVP,Zen) VALUES (631731,5070121,6.000,12.900);
INSERT INTO ao_rs2 (TTN,MnTov,KVP,Zen) VALUES (631731,5070555,6.000,12.900);
INSERT INTO ao_rs2 (TTN,MnTov,KVP,Zen) VALUES (631731,5070461,8.000,12.200);
INSERT INTO ao_rs2 (TTN,MnTov,KVP,Zen) VALUES (631731,5070462,8.000,12.200);
INSERT INTO ao_rs2 (TTN,MnTov,KVP,Zen) VALUES (631731,5070459,8.000,12.200);
INSERT INTO ao_rs2 (TTN,MnTov,KVP,Zen) VALUES (631731,5070460,8.000,12.200);
INSERT INTO ao_rs2 (TTN,MnTov,KVP,Zen) VALUES (631731,5070558,8.000,12.200);
INSERT INTO ao_rs2 (TTN,MnTov,KVP,Zen) VALUES (631731,5070458,8.000,12.200);
INSERT INTO ao_rs2 (TTN,MnTov,KVP,Zen) VALUES (631731,5070187,6.000,9.050);
INSERT INTO ao_rs2 (TTN,MnTov,KVP,Zen) VALUES (631731,5070188,6.000,9.050);
INSERT INTO ao_rs2 (TTN,MnTov,KVP,Zen) VALUES (631731,5070413,5.000,9.050);
INSERT INTO ao_rs2 (TTN,MnTov,KVP,Zen) VALUES (631731,5070190,5.000,9.050);
INSERT INTO ao_rs2 (TTN,MnTov,KVP,Zen) VALUES (631731,5070335,4.000,7.050);
INSERT INTO ao_rs2 (TTN,MnTov,KVP,Zen) VALUES (631731,5070132,2.000,7.050);
INSERT INTO ao_rs2 (TTN,MnTov,KVP,Zen) VALUES (631731,5070160,2.000,7.050);
INSERT INTO ao_rs2 (TTN,MnTov,KVP,Zen) VALUES (631731,5070162,2.000,7.050);
INSERT INTO ao_rs2 (TTN,MnTov,KVP,Zen) VALUES (631731,5070301,4.000,7.050);
INSERT INTO ao_rs2 (TTN,MnTov,KVP,Zen) VALUES (631731,5070134,2.000,7.050);
INSERT INTO ao_rs2 (TTN,MnTov,KVP,Zen) VALUES (631731,5070336,2.000,7.050);
INSERT INTO ao_rs2 (TTN,MnTov,KVP,Zen) VALUES (631731,5070163,2.000,7.050);
INSERT INTO ao_rs2 (TTN,MnTov,KVP,Zen) VALUES (631731,5070161,2.000,7.050);
INSERT INTO ao_rs2 (TTN,MnTov,KVP,Zen) VALUES (631731,5070564,6.000,11.950);
INSERT INTO ao_rs2 (TTN,MnTov,KVP,Zen) VALUES (631731,5070565,6.000,11.950);
INSERT INTO ao_rs2 (TTN,MnTov,KVP,Zen) VALUES (631731,5070566,4.000,11.950);
INSERT INTO ao_rs2 (TTN,MnTov,KVP,Zen) VALUES (631731,5070405,5.000,6.450);
INSERT INTO ao_rs2 (TTN,MnTov,KVP,Zen) VALUES (631731,5070404,5.000,6.450);
INSERT INTO ao_rs2 (TTN,MnTov,KVP,Zen) VALUES (631731,5070406,4.000,6.450);
INSERT INTO ao_rs2 (TTN,MnTov,KVP,Zen) VALUES (631731,5070407,4.000,6.450);
INSERT INTO ao_rs2 (TTN,MnTov,KVP,Zen) VALUES (631731,5070489,22.000,4.750);
INSERT INTO ao_rs2 (TTN,MnTov,KVP,Zen) VALUES (631731,5070384,8.000,20.050);
INSERT INTO ao_rs2 (TTN,MnTov,KVP,Zen) VALUES (631731,5070382,6.000,28.550);
INSERT INTO ao_rs2 (TTN,MnTov,KVP,Zen) VALUES (631735,5070197,1.000,15.500);
INSERT INTO ao_rs2 (TTN,MnTov,KVP,Zen) VALUES (631735,5070154,1.000,15.500);
INSERT INTO ao_rs2 (TTN,MnTov,KVP,Zen) VALUES (631735,5070026,1.000,15.500);
INSERT INTO ao_rs2 (TTN,MnTov,KVP,Zen) VALUES (631736,5070160,6.000,7.050);
INSERT INTO ao_rs2 (TTN,MnTov,KVP,Zen) VALUES (631736,5070335,6.000,7.050);
INSERT INTO ao_rs2 (TTN,MnTov,KVP,Zen) VALUES (631737,5070075,5.000,5.500);
INSERT INTO ao_rs2 (TTN,MnTov,KVP,Zen) VALUES (631737,5070302,5.000,5.500);
INSERT INTO ao_rs2 (TTN,MnTov,KVP,Zen) VALUES (631737,5070060,5.000,5.500);
INSERT INTO ao_rs2 (TTN,MnTov,KVP,Zen) VALUES (631737,5070061,5.000,5.500);
INSERT INTO ao_rs2 (TTN,MnTov,KVP,Zen) VALUES (631737,5070063,4.000,5.500);
INSERT INTO ao_rs2 (TTN,MnTov,KVP,Zen) VALUES (631737,5070553,3.000,5.500);
INSERT INTO ao_rs2 (TTN,MnTov,KVP,Zen) VALUES (631738,5070197,2.000,15.500);
INSERT INTO ao_rs2 (TTN,MnTov,KVP,Zen) VALUES (631738,5070198,1.000,15.500);
INSERT INTO ao_rs2 (TTN,MnTov,KVP,Zen) VALUES (631738,5070436,1.000,15.500);
INSERT INTO ao_rs2 (TTN,MnTov,KVP,Zen) VALUES (631738,5070154,1.000,15.500);
INSERT INTO ao_rs2 (TTN,MnTov,KVP,Zen) VALUES (631738,5070026,1.000,15.500);
INSERT INTO ao_rs2 (TTN,MnTov,KVP,Zen) VALUES (631738,5070065,3.000,15.500);
INSERT INTO ao_rs2 (TTN,MnTov,KVP,Zen) VALUES (631738,5070571,1.000,16.550);
INSERT INTO ao_rs2 (TTN,MnTov,KVP,Zen) VALUES (631738,5070461,1.000,12.200);
INSERT INTO ao_rs2 (TTN,MnTov,KVP,Zen) VALUES (631738,5070462,1.000,12.200);
INSERT INTO ao_rs2 (TTN,MnTov,KVP,Zen) VALUES (631738,5070459,1.000,12.200);
INSERT INTO ao_rs2 (TTN,MnTov,KVP,Zen) VALUES (631738,5070460,1.000,12.200);
INSERT INTO ao_rs2 (TTN,MnTov,KVP,Zen) VALUES (631738,5070458,1.000,12.200);
INSERT INTO ao_rs2 (TTN,MnTov,KVP,Zen) VALUES (631738,5070558,1.000,12.200);
INSERT INTO ao_rs2 (TTN,MnTov,KVP,Zen) VALUES (631738,5070420,1.000,12.900);
INSERT INTO ao_rs2 (TTN,MnTov,KVP,Zen) VALUES (631738,5070121,1.000,12.900);
INSERT INTO ao_rs2 (TTN,MnTov,KVP,Zen) VALUES (631738,5070120,1.000,12.900);
INSERT INTO ao_rs2 (TTN,MnTov,KVP,Zen) VALUES (631738,5070555,1.000,12.900);
INSERT INTO ao_rs2 (TTN,MnTov,KVP,Zen) VALUES (631738,5070118,1.000,12.900);
INSERT INTO ao_rs2 (TTN,MnTov,KVP,Zen) VALUES (631738,5070172,1.000,12.900);
INSERT INTO ao_rs2 (TTN,MnTov,KVP,Zen) VALUES (631738,5070335,2.000,7.050);
INSERT INTO ao_rs2 (TTN,MnTov,KVP,Zen) VALUES (631738,5070132,2.000,7.050);
INSERT INTO ao_rs2 (TTN,MnTov,KVP,Zen) VALUES (631738,5070160,2.000,7.050);
INSERT INTO ao_rs2 (TTN,MnTov,KVP,Zen) VALUES (631738,5070301,2.000,7.050);
INSERT INTO ao_rs2 (TTN,MnTov,KVP,Zen) VALUES (631738,5070162,2.000,7.050);
INSERT INTO ao_rs2 (TTN,MnTov,KVP,Zen) VALUES (631738,5070134,2.000,7.050);
INSERT INTO ao_rs2 (TTN,MnTov,KVP,Zen) VALUES (631739,5070467,4.000,12.900);
INSERT INTO ao_rs2 (TTN,MnTov,KVP,Zen) VALUES (631739,5070468,3.000,12.900);
INSERT INTO ao_rs2 (TTN,MnTov,KVP,Zen) VALUES (631739,5070469,3.000,12.900);
INSERT INTO ao_rs2 (TTN,MnTov,KVP,Zen) VALUES (631739,5070017,3.000,15.040);
INSERT INTO ao_rs2 (TTN,MnTov,KVP,Zen) VALUES (631739,5070154,3.000,15.040);
INSERT INTO ao_rs2 (TTN,MnTov,KVP,Zen) VALUES (631739,5070026,3.000,15.040);
INSERT INTO ao_rs2 (TTN,MnTov,KVP,Zen) VALUES (631739,5070065,3.000,15.040);
INSERT INTO ao_rs2 (TTN,MnTov,KVP,Zen) VALUES (631740,5070487,3.000,23.770);
INSERT INTO ao_rs2 (TTN,MnTov,KVP,Zen) VALUES (631740,5070490,3.000,23.770);
INSERT INTO ao_rs2 (TTN,MnTov,KVP,Zen) VALUES (631740,5070491,3.000,21.630);
INSERT INTO ao_rs2 (TTN,MnTov,KVP,Zen) VALUES (631740,5070460,2.000,11.830);
INSERT INTO ao_rs2 (TTN,MnTov,KVP,Zen) VALUES (631740,5070458,2.000,11.830);
INSERT INTO ao_rs2 (TTN,MnTov,KVP,Zen) VALUES (631740,5070459,2.000,11.830);
INSERT INTO ao_rs2 (TTN,MnTov,KVP,Zen) VALUES (631741,5070404,3.000,6.280);
INSERT INTO ao_rs2 (TTN,MnTov,KVP,Zen) VALUES (631741,5070375,3.000,27.740);
INSERT INTO ao_rs2 (TTN,MnTov,KVP,Zen) VALUES (631741,5070371,4.000,27.740);
INSERT INTO ao_rs2 (TTN,MnTov,KVP,Zen) VALUES (631741,5070385,6.000,27.740);
INSERT INTO ao_rs2 (TTN,MnTov,KVP,Zen) VALUES (631741,5070386,8.000,19.480);
INSERT INTO ao_rs2 (TTN,MnTov,KVP,Zen) VALUES (631741,5070436,3.000,15.040);
INSERT INTO ao_rs2 (TTN,MnTov,KVP,Zen) VALUES (631741,5070156,4.000,15.040);
INSERT INTO ao_rs2 (TTN,MnTov,KVP,Zen) VALUES (631741,5070064,6.000,15.040);
INSERT INTO ao_rs2 (TTN,MnTov,KVP,Zen) VALUES (631741,5070154,6.000,15.040);
INSERT INTO ao_rs2 (TTN,MnTov,KVP,Zen) VALUES (631741,5070174,3.000,8.470);
INSERT INTO ao_rs2 (TTN,MnTov,KVP,Zen) VALUES (631741,5070234,3.000,8.470);
INSERT INTO ao_rs2 (TTN,MnTov,KVP,Zen) VALUES (631741,5070175,3.000,8.470);
INSERT INTO ao_rs2 (TTN,MnTov,KVP,Zen) VALUES (631741,5070177,4.000,8.470);
INSERT INTO ao_rs2 (TTN,MnTov,KVP,Zen) VALUES (631741,5070075,5.000,5.360);
INSERT INTO ao_rs2 (TTN,MnTov,KVP,Zen) VALUES (631741,5070061,4.000,5.360);
INSERT INTO ao_rs2 (TTN,MnTov,KVP,Zen) VALUES (631741,5070062,5.000,5.360);
INSERT INTO ao_rs2 (TTN,MnTov,KVP,Zen) VALUES (631741,5070555,6.000,12.550);
INSERT INTO ao_rs2 (TTN,MnTov,KVP,Zen) VALUES (631741,5070461,5.000,11.830);
INSERT INTO ao_rs2 (TTN,MnTov,KVP,Zen) VALUES (631742,5070488,25.000,1.530);
INSERT INTO ao_rs2 (TTN,MnTov,KVP,Zen) VALUES (631742,5070375,6.000,27.740);
INSERT INTO ao_rs2 (TTN,MnTov,KVP,Zen) VALUES (631742,5070360,6.000,27.740);
INSERT INTO ao_rs2 (TTN,MnTov,KVP,Zen) VALUES (631742,5070385,6.000,27.740);
INSERT INTO ao_rs2 (TTN,MnTov,KVP,Zen) VALUES (631742,5070376,6.000,27.740);
INSERT INTO ao_rs2 (TTN,MnTov,KVP,Zen) VALUES (631742,5070391,6.000,27.740);
INSERT INTO ao_rs2 (TTN,MnTov,KVP,Zen) VALUES (631742,5070384,16.000,19.480);
INSERT INTO ao_rs2 (TTN,MnTov,KVP,Zen) VALUES (631742,5070198,12.000,15.040);
INSERT INTO ao_rs2 (TTN,MnTov,KVP,Zen) VALUES (631742,5070436,12.000,15.040);
INSERT INTO ao_rs2 (TTN,MnTov,KVP,Zen) VALUES (631742,5070154,12.000,15.040);
INSERT INTO ao_rs2 (TTN,MnTov,KVP,Zen) VALUES (631742,5070174,18.000,8.470);
INSERT INTO ao_rs2 (TTN,MnTov,KVP,Zen) VALUES (631742,5070075,27.000,5.360);
INSERT INTO ao_rs2 (TTN,MnTov,KVP,Zen) VALUES (631742,5070062,27.000,5.360);
INSERT INTO ao_rs2 (TTN,MnTov,KVP,Zen) VALUES (631742,5070389,12.000,23.100);
INSERT INTO ao_rs2 (TTN,MnTov,KVP,Zen) VALUES (631742,5070144,12.000,12.490);
INSERT INTO ao_rs2 (TTN,MnTov,KVP,Zen) VALUES (631742,5070307,27.000,4.130);
INSERT INTO ao_rs2 (TTN,MnTov,KVP,Zen) VALUES (631742,5070163,18.000,6.830);
INSERT INTO ao_rs2 (TTN,MnTov,KVP,Zen) VALUES (631742,5070134,18.000,6.830);
INSERT INTO ao_rs2 (TTN,MnTov,KVP,Zen) VALUES (631742,5070120,12.000,12.550);
INSERT INTO ao_rs2 (TTN,MnTov,KVP,Zen) VALUES (631742,5070121,12.000,12.550);
INSERT INTO ao_rs2 (TTN,MnTov,KVP,Zen) VALUES (631742,5070118,12.000,12.550);
INSERT INTO ao_rs2 (TTN,MnTov,KVP,Zen) VALUES (631742,5070122,12.000,12.550);
INSERT INTO ao_rs2 (TTN,MnTov,KVP,Zen) VALUES (631742,5070460,30.000,11.830);
INSERT INTO ao_rs2 (TTN,MnTov,KVP,Zen) VALUES (631742,5070459,20.000,11.830);
INSERT INTO ao_rs2 (TTN,MnTov,KVP,Zen) VALUES (631742,5070556,4.000,12.550);
INSERT INTO ao_rs2 (TTN,MnTov,KVP,Zen) VALUES (631743,5070487,2.000,23.770);
INSERT INTO ao_rs2 (TTN,MnTov,KVP,Zen) VALUES (631743,5070491,2.000,21.630);
INSERT INTO ao_rs2 (TTN,MnTov,KVP,Zen) VALUES (631743,5070408,8.000,4.590);
INSERT INTO ao_rs2 (TTN,MnTov,KVP,Zen) VALUES (631743,5070489,8.000,4.590);
INSERT INTO ao_rs2 (TTN,MnTov,KVP,Zen) VALUES (631743,5070405,4.000,6.280);
INSERT INTO ao_rs2 (TTN,MnTov,KVP,Zen) VALUES (631743,5070404,3.000,6.280);
INSERT INTO ao_rs2 (TTN,MnTov,KVP,Zen) VALUES (631743,5070371,2.000,27.740);
INSERT INTO ao_rs2 (TTN,MnTov,KVP,Zen) VALUES (631743,5070385,2.000,27.740);
INSERT INTO ao_rs2 (TTN,MnTov,KVP,Zen) VALUES (631743,5070386,2.000,19.480);
INSERT INTO ao_rs2 (TTN,MnTov,KVP,Zen) VALUES (631743,5070395,2.000,19.480);
INSERT INTO ao_rs2 (TTN,MnTov,KVP,Zen) VALUES (631743,5070017,2.000,15.040);
INSERT INTO ao_rs2 (TTN,MnTov,KVP,Zen) VALUES (631743,5070197,2.000,15.040);
INSERT INTO ao_rs2 (TTN,MnTov,KVP,Zen) VALUES (631743,5070156,2.000,15.040);
INSERT INTO ao_rs2 (TTN,MnTov,KVP,Zen) VALUES (631743,5070154,2.000,15.040);
INSERT INTO ao_rs2 (TTN,MnTov,KVP,Zen) VALUES (631743,5070026,2.000,15.040);
INSERT INTO ao_rs2 (TTN,MnTov,KVP,Zen) VALUES (631743,5070142,4.000,15.040);
INSERT INTO ao_rs2 (TTN,MnTov,KVP,Zen) VALUES (631743,5070216,3.000,10.400);
INSERT INTO ao_rs2 (TTN,MnTov,KVP,Zen) VALUES (631743,5070220,6.000,10.400);
INSERT INTO ao_rs2 (TTN,MnTov,KVP,Zen) VALUES (631743,5070174,3.000,8.470);
INSERT INTO ao_rs2 (TTN,MnTov,KVP,Zen) VALUES (631743,5070175,4.000,8.470);
INSERT INTO ao_rs2 (TTN,MnTov,KVP,Zen) VALUES (631743,5070099,6.000,5.360);
INSERT INTO ao_rs2 (TTN,MnTov,KVP,Zen) VALUES (631743,5070555,3.000,12.550);
INSERT INTO ao_rs2 (TTN,MnTov,KVP,Zen) VALUES (631743,5070458,3.000,11.830);
INSERT INTO ao_rs2 (TTN,MnTov,KVP,Zen) VALUES (631743,5070561,6.000,4.590);
INSERT INTO ao_rs2 (TTN,MnTov,KVP,Zen) VALUES (631744,5070390,2.000,19.480);
INSERT INTO ao_rs2 (TTN,MnTov,KVP,Zen) VALUES (631744,5070017,6.000,15.040);
INSERT INTO ao_rs2 (TTN,MnTov,KVP,Zen) VALUES (631746,5070375,2.000,27.740);
INSERT INTO ao_rs2 (TTN,MnTov,KVP,Zen) VALUES (631746,5070371,2.000,27.740);
INSERT INTO ao_rs2 (TTN,MnTov,KVP,Zen) VALUES (631746,5070383,2.000,27.740);
INSERT INTO ao_rs2 (TTN,MnTov,KVP,Zen) VALUES (631746,5070385,2.000,27.740);
INSERT INTO ao_rs2 (TTN,MnTov,KVP,Zen) VALUES (631746,5070198,2.000,15.040);
INSERT INTO ao_rs2 (TTN,MnTov,KVP,Zen) VALUES (631746,5070154,2.000,15.040);
INSERT INTO ao_rs2 (TTN,MnTov,KVP,Zen) VALUES (631746,5070075,3.000,5.360);
INSERT INTO ao_rs2 (TTN,MnTov,KVP,Zen) VALUES (631746,5070060,3.000,5.360);
INSERT INTO ao_rs2 (TTN,MnTov,KVP,Zen) VALUES (631746,5070061,3.000,5.360);
INSERT INTO ao_rs2 (TTN,MnTov,KVP,Zen) VALUES (631746,5070063,3.000,5.360);
INSERT INTO ao_rs2 (TTN,MnTov,KVP,Zen) VALUES (631772,5070531,3.000,8.780);
INSERT INTO ao_rs2 (TTN,MnTov,KVP,Zen) VALUES (631772,5070449,9.000,6.330);
INSERT INTO ao_rs2 (TTN,MnTov,KVP,Zen) VALUES (631772,5070450,9.000,6.330);
INSERT INTO ao_rs2 (TTN,MnTov,KVP,Zen) VALUES (631772,5070375,3.000,27.740);
INSERT INTO ao_rs2 (TTN,MnTov,KVP,Zen) VALUES (631772,5070360,3.000,27.740);
INSERT INTO ao_rs2 (TTN,MnTov,KVP,Zen) VALUES (631772,5070382,3.000,27.740);
INSERT INTO ao_rs2 (TTN,MnTov,KVP,Zen) VALUES (631772,5070371,6.000,27.740);
INSERT INTO ao_rs2 (TTN,MnTov,KVP,Zen) VALUES (631772,5070017,6.000,15.040);
INSERT INTO ao_rs2 (TTN,MnTov,KVP,Zen) VALUES (631772,5070026,6.000,15.040);
INSERT INTO ao_rs2 (TTN,MnTov,KVP,Zen) VALUES (631772,5070163,6.000,6.830);
INSERT INTO ao_rs2 (TTN,MnTov,KVP,Zen) VALUES (631772,5070123,6.000,12.550);
INSERT INTO ao_rs2 (TTN,MnTov,KVP,Zen) VALUES (631773,5070017,3.000,15.040);
INSERT INTO ao_rs2 (TTN,MnTov,KVP,Zen) VALUES (631773,5070198,3.000,15.040);
INSERT INTO ao_rs2 (TTN,MnTov,KVP,Zen) VALUES (631773,5070064,3.000,15.040);
INSERT INTO ao_rs2 (TTN,MnTov,KVP,Zen) VALUES (631773,5070031,3.000,15.040);
INSERT INTO ao_rs2 (TTN,MnTov,KVP,Zen) VALUES (631776,5070466,5.000,11.610);
INSERT INTO ao_rs2 (TTN,MnTov,KVP,Zen) VALUES (631776,5070469,5.000,11.610);
INSERT INTO ao_rs2 (TTN,MnTov,KVP,Zen) VALUES (631776,5070335,9.000,6.830);
INSERT INTO ao_rs2 (TTN,MnTov,KVP,Zen) VALUES (631776,5070134,9.000,6.830);
INSERT INTO ao_rs2 (TTN,MnTov,KVP,Zen) VALUES (631776,5070121,6.000,12.550);
INSERT INTO ao_rs2 (TTN,MnTov,KVP,Zen) VALUES (631776,5070118,6.000,12.550);
INSERT INTO ao_rs2 (TTN,MnTov,KVP,Zen) VALUES (631776,5070555,6.000,12.550);
INSERT INTO ao_rs2 (TTN,MnTov,KVP,Zen) VALUES (631776,5070123,6.000,12.550);
INSERT INTO ao_rs2 (TTN,MnTov,KVP,Zen) VALUES (631776,5070420,6.000,12.550);
INSERT INTO ao_rs2 (TTN,MnTov,KVP,Zen) VALUES (631776,5070460,10.000,11.830);
INSERT INTO ao_rs2 (TTN,MnTov,KVP,Zen) VALUES (631776,5070458,10.000,11.830);
INSERT INTO ao_rs2 (TTN,MnTov,KVP,Zen) VALUES (631776,5070558,8.000,11.830);
INSERT INTO ao_rs2 (TTN,MnTov,KVP,Zen) VALUES (631776,5070564,10.000,10.460);
INSERT INTO ao_rs2 (TTN,MnTov,KVP,Zen) VALUES (631776,5070566,5.000,10.460);
INSERT INTO ao_rs2 (TTN,MnTov,KVP,Zen) VALUES (631777,5070450,9.000,5.690);
INSERT INTO ao_rs2 (TTN,MnTov,KVP,Zen) VALUES (631777,5070451,9.000,5.690);
INSERT INTO ao_rs2 (TTN,MnTov,KVP,Zen) VALUES (631777,5070452,18.000,5.690);
INSERT INTO ao_rs2 (TTN,MnTov,KVP,Zen) VALUES (631777,5070404,9.000,5.650);
INSERT INTO ao_rs2 (TTN,MnTov,KVP,Zen) VALUES (631777,5070406,9.000,5.650);
INSERT INTO ao_rs2 (TTN,MnTov,KVP,Zen) VALUES (631777,5070360,6.000,24.970);
INSERT INTO ao_rs2 (TTN,MnTov,KVP,Zen) VALUES (631777,5070382,3.000,24.970);
INSERT INTO ao_rs2 (TTN,MnTov,KVP,Zen) VALUES (631777,5070383,3.000,24.970);
INSERT INTO ao_rs2 (TTN,MnTov,KVP,Zen) VALUES (631777,5070390,8.000,17.530);
INSERT INTO ao_rs2 (TTN,MnTov,KVP,Zen) VALUES (631777,5070395,8.000,17.530);
INSERT INTO ao_rs2 (TTN,MnTov,KVP,Zen) VALUES (631777,5070141,6.000,13.540);
INSERT INTO ao_rs2 (TTN,MnTov,KVP,Zen) VALUES (631777,5070156,6.000,13.540);
INSERT INTO ao_rs2 (TTN,MnTov,KVP,Zen) VALUES (631777,5070064,6.000,13.540);
INSERT INTO ao_rs2 (TTN,MnTov,KVP,Zen) VALUES (631777,5070026,6.000,13.540);
INSERT INTO ao_rs2 (TTN,MnTov,KVP,Zen) VALUES (631777,5070023,12.000,13.540);
INSERT INTO ao_rs2 (TTN,MnTov,KVP,Zen) VALUES (631777,5070060,14.000,4.820);
INSERT INTO ao_rs2 (TTN,MnTov,KVP,Zen) VALUES (631777,5070063,13.000,4.820);
INSERT INTO ao_rs2 (TTN,MnTov,KVP,Zen) VALUES (631777,5070099,14.000,4.820);
INSERT INTO ao_rs2 (TTN,MnTov,KVP,Zen) VALUES (631777,5070553,13.000,4.820);
INSERT INTO ao_rs2 (TTN,MnTov,KVP,Zen) VALUES (631777,5070557,4.000,15.420);
INSERT INTO ao_rs2 (TTN,MnTov,KVP,Zen) VALUES (631777,5070562,18.000,7.620);
INSERT INTO ao_rs2 (TTN,MnTov,KVP,Zen) VALUES (631778,5070118,1.000,12.550);
INSERT INTO ao_rs2 (TTN,MnTov,KVP,Zen) VALUES (631779,5070075,1.000,4.820);
INSERT INTO ao_rs2 (TTN,MnTov,KVP,Zen) VALUES (631779,5070565,1.000,10.460);
INSERT INTO ao_rs2 (TTN,MnTov,KVP,Zen) VALUES (631786,5070017,2.000,15.500);
INSERT INTO ao_rs2 (TTN,MnTov,KVP,Zen) VALUES (631786,5070198,2.000,15.500);
INSERT INTO ao_rs2 (TTN,MnTov,KVP,Zen) VALUES (631786,5070064,2.000,15.500);
INSERT INTO ao_rs2 (TTN,MnTov,KVP,Zen) VALUES (631786,5070154,2.000,15.500);
INSERT INTO ao_rs2 (TTN,MnTov,KVP,Zen) VALUES (631786,5070026,2.000,15.500);
INSERT INTO ao_rs2 (TTN,MnTov,KVP,Zen) VALUES (631786,5070031,2.000,15.500);
INSERT INTO ao_rs2 (TTN,MnTov,KVP,Zen) VALUES (631848,5070075,14.000,5.500);
INSERT INTO ao_rs2 (TTN,MnTov,KVP,Zen) VALUES (631848,5070080,13.000,5.500);
INSERT INTO ao_rs2 (TTN,MnTov,KVP,Zen) VALUES (631848,5070060,14.000,5.500);
INSERT INTO ao_rs2 (TTN,MnTov,KVP,Zen) VALUES (631848,5070062,13.000,5.500);
INSERT INTO ao_rs2 (TTN,MnTov,KVP,Zen) VALUES (631849,5070017,3.000,15.500);
INSERT INTO ao_rs2 (TTN,MnTov,KVP,Zen) VALUES (631849,5070156,3.000,15.500);
INSERT INTO ao_rs2 (TTN,MnTov,KVP,Zen) VALUES (631849,5070154,3.000,15.500);
INSERT INTO ao_rs2 (TTN,MnTov,KVP,Zen) VALUES (631849,5070026,3.000,15.500);
INSERT INTO ao_rs2 (TTN,MnTov,KVP,Zen) VALUES (631849,5070065,3.000,15.500);
INSERT INTO ao_rs2 (TTN,MnTov,KVP,Zen) VALUES (631849,5070174,5.000,8.700);
INSERT INTO ao_rs2 (TTN,MnTov,KVP,Zen) VALUES (631849,5070571,3.000,16.550);
INSERT INTO ao_rs2 (TTN,MnTov,KVP,Zen) VALUES (631850,5070531,1.000,8.780);
INSERT INTO ao_rs2 (TTN,MnTov,KVP,Zen) VALUES (631850,5070532,1.000,8.780);
INSERT INTO ao_rs2 (TTN,MnTov,KVP,Zen) VALUES (631850,5070536,1.000,12.700);
INSERT INTO ao_rs2 (TTN,MnTov,KVP,Zen) VALUES (631850,5070537,1.000,12.700);
INSERT INTO ao_rs2 (TTN,MnTov,KVP,Zen) VALUES (631850,5070375,1.000,27.740);
INSERT INTO ao_rs2 (TTN,MnTov,KVP,Zen) VALUES (631850,5070198,1.000,15.040);
INSERT INTO ao_rs2 (TTN,MnTov,KVP,Zen) VALUES (631850,5070436,1.000,15.040);
INSERT INTO ao_rs2 (TTN,MnTov,KVP,Zen) VALUES (631850,5070154,1.000,15.040);
INSERT INTO ao_rs2 (TTN,MnTov,KVP,Zen) VALUES (631850,5070065,1.000,15.040);
INSERT INTO ao_rs2 (TTN,MnTov,KVP,Zen) VALUES (631850,5070075,3.000,5.360);
INSERT INTO ao_rs2 (TTN,MnTov,KVP,Zen) VALUES (631850,5070060,3.000,5.360);
INSERT INTO ao_rs2 (TTN,MnTov,KVP,Zen) VALUES (631850,5070061,3.000,5.360);
INSERT INTO ao_rs2 (TTN,MnTov,KVP,Zen) VALUES (631850,5070062,3.000,5.360);
INSERT INTO ao_rs2 (TTN,MnTov,KVP,Zen) VALUES (631850,5070553,3.000,5.360);
INSERT INTO ao_rs2 (TTN,MnTov,KVP,Zen) VALUES (631850,5070562,5.000,8.470);
INSERT INTO ao_rs2 (TTN,MnTov,KVP,Zen) VALUES (631853,5070487,3.000,21.870);
INSERT INTO ao_rs2 (TTN,MnTov,KVP,Zen) VALUES (631853,5070490,3.000,21.870);
INSERT INTO ao_rs2 (TTN,MnTov,KVP,Zen) VALUES (631853,5070491,2.000,19.900);
INSERT INTO ao_rs2 (TTN,MnTov,KVP,Zen) VALUES (631853,5070498,2.000,21.870);
INSERT INTO ao_rs2 (TTN,MnTov,KVP,Zen) VALUES (631853,5070486,2.000,18.150);
INSERT INTO ao_rs2 (TTN,MnTov,KVP,Zen) VALUES (631853,5070375,2.000,25.520);
INSERT INTO ao_rs2 (TTN,MnTov,KVP,Zen) VALUES (631853,5070371,2.000,25.520);
INSERT INTO ao_rs2 (TTN,MnTov,KVP,Zen) VALUES (631853,5070383,1.000,25.520);
INSERT INTO ao_rs2 (TTN,MnTov,KVP,Zen) VALUES (631853,5070376,1.000,25.520);
INSERT INTO ao_rs2 (TTN,MnTov,KVP,Zen) VALUES (631853,5070390,2.000,17.920);
INSERT INTO ao_rs2 (TTN,MnTov,KVP,Zen) VALUES (631853,5070384,2.000,17.920);
INSERT INTO ao_rs2 (TTN,MnTov,KVP,Zen) VALUES (631853,5070386,2.000,17.920);
INSERT INTO ao_rs2 (TTN,MnTov,KVP,Zen) VALUES (631853,5070034,2.000,17.920);
INSERT INTO ao_rs2 (TTN,MnTov,KVP,Zen) VALUES (631853,5070017,3.000,13.840);
INSERT INTO ao_rs2 (TTN,MnTov,KVP,Zen) VALUES (631853,5070064,2.000,13.840);
INSERT INTO ao_rs2 (TTN,MnTov,KVP,Zen) VALUES (631853,5070154,3.000,13.840);
INSERT INTO ao_rs2 (TTN,MnTov,KVP,Zen) VALUES (631853,5070026,2.000,13.840);
INSERT INTO ao_rs2 (TTN,MnTov,KVP,Zen) VALUES (631853,5070031,2.000,13.840);
-- ao_rs1
INSERT INTO ao_rs1 (TTN,DVP,TMESTO,KTA,PRZ) VALUES (631184,TO_DATE('2020-04-01','YYYY-MM-DD'),31609,559,1);
INSERT INTO ao_rs1 (TTN,DVP,TMESTO,KTA,PRZ) VALUES (631241,TO_DATE('2020-04-01','YYYY-MM-DD'),8062,559,1);
INSERT INTO ao_rs1 (TTN,DVP,TMESTO,KTA,PRZ) VALUES (631242,TO_DATE('2020-04-01','YYYY-MM-DD'),15773,559,1);
INSERT INTO ao_rs1 (TTN,DVP,TMESTO,KTA,PRZ) VALUES (631243,TO_DATE('2020-04-01','YYYY-MM-DD'),12621,559,1);
INSERT INTO ao_rs1 (TTN,DVP,TMESTO,KTA,PRZ) VALUES (631281,TO_DATE('2020-04-01','YYYY-MM-DD'),31300,535,1);
INSERT INTO ao_rs1 (TTN,DVP,TMESTO,KTA,PRZ) VALUES (631283,TO_DATE('2020-04-01','YYYY-MM-DD'),30905,535,1);
INSERT INTO ao_rs1 (TTN,DVP,TMESTO,KTA,PRZ) VALUES (631284,TO_DATE('2020-04-01','YYYY-MM-DD'),189,535,1);
INSERT INTO ao_rs1 (TTN,DVP,TMESTO,KTA,PRZ) VALUES (631285,TO_DATE('2020-04-01','YYYY-MM-DD'),30082,535,1);
INSERT INTO ao_rs1 (TTN,DVP,TMESTO,KTA,PRZ) VALUES (631286,TO_DATE('2020-04-01','YYYY-MM-DD'),30800,535,1);
INSERT INTO ao_rs1 (TTN,DVP,TMESTO,KTA,PRZ) VALUES (631287,TO_DATE('2020-04-01','YYYY-MM-DD'),31300,535,1);
INSERT INTO ao_rs1 (TTN,DVP,TMESTO,KTA,PRZ) VALUES (631293,TO_DATE('2020-04-01','YYYY-MM-DD'),7118,592,1);
INSERT INTO ao_rs1 (TTN,DVP,TMESTO,KTA,PRZ) VALUES (631294,TO_DATE('2020-04-01','YYYY-MM-DD'),18978,592,1);
INSERT INTO ao_rs1 (TTN,DVP,TMESTO,KTA,PRZ) VALUES (631296,TO_DATE('2020-04-01','YYYY-MM-DD'),26980,592,1);
INSERT INTO ao_rs1 (TTN,DVP,TMESTO,KTA,PRZ) VALUES (631298,TO_DATE('2020-04-01','YYYY-MM-DD'),26979,592,1);
INSERT INTO ao_rs1 (TTN,DVP,TMESTO,KTA,PRZ) VALUES (631306,TO_DATE('2020-04-01','YYYY-MM-DD'),15486,462,1);
INSERT INTO ao_rs1 (TTN,DVP,TMESTO,KTA,PRZ) VALUES (631309,TO_DATE('2020-04-01','YYYY-MM-DD'),10783,462,1);
INSERT INTO ao_rs1 (TTN,DVP,TMESTO,KTA,PRZ) VALUES (631310,TO_DATE('2020-04-01','YYYY-MM-DD'),4615,462,1);
INSERT INTO ao_rs1 (TTN,DVP,TMESTO,KTA,PRZ) VALUES (631360,TO_DATE('2020-04-01','YYYY-MM-DD'),30863,594,1);
INSERT INTO ao_rs1 (TTN,DVP,TMESTO,KTA,PRZ) VALUES (631362,TO_DATE('2020-04-01','YYYY-MM-DD'),2385,594,1);
INSERT INTO ao_rs1 (TTN,DVP,TMESTO,KTA,PRZ) VALUES (631363,TO_DATE('2020-04-01','YYYY-MM-DD'),25182,594,1);
INSERT INTO ao_rs1 (TTN,DVP,TMESTO,KTA,PRZ) VALUES (631364,TO_DATE('2020-04-01','YYYY-MM-DD'),31698,594,1);
INSERT INTO ao_rs1 (TTN,DVP,TMESTO,KTA,PRZ) VALUES (631387,TO_DATE('2020-04-01','YYYY-MM-DD'),31433,364,1);
INSERT INTO ao_rs1 (TTN,DVP,TMESTO,KTA,PRZ) VALUES (631388,TO_DATE('2020-04-01','YYYY-MM-DD'),31433,364,1);
INSERT INTO ao_rs1 (TTN,DVP,TMESTO,KTA,PRZ) VALUES (631391,TO_DATE('2020-04-01','YYYY-MM-DD'),604,364,1);
INSERT INTO ao_rs1 (TTN,DVP,TMESTO,KTA,PRZ) VALUES (631393,TO_DATE('2020-04-01','YYYY-MM-DD'),7917,364,1);
INSERT INTO ao_rs1 (TTN,DVP,TMESTO,KTA,PRZ) VALUES (631394,TO_DATE('2020-04-01','YYYY-MM-DD'),30490,364,1);
INSERT INTO ao_rs1 (TTN,DVP,TMESTO,KTA,PRZ) VALUES (631395,TO_DATE('2020-04-01','YYYY-MM-DD'),31613,364,1);
INSERT INTO ao_rs1 (TTN,DVP,TMESTO,KTA,PRZ) VALUES (631396,TO_DATE('2020-04-01','YYYY-MM-DD'),1596,364,1);
INSERT INTO ao_rs1 (TTN,DVP,TMESTO,KTA,PRZ) VALUES (631397,TO_DATE('2020-04-01','YYYY-MM-DD'),24753,364,1);
INSERT INTO ao_rs1 (TTN,DVP,TMESTO,KTA,PRZ) VALUES (631398,TO_DATE('2020-04-01','YYYY-MM-DD'),28132,364,1);
INSERT INTO ao_rs1 (TTN,DVP,TMESTO,KTA,PRZ) VALUES (631399,TO_DATE('2020-04-01','YYYY-MM-DD'),24970,469,1);
INSERT INTO ao_rs1 (TTN,DVP,TMESTO,KTA,PRZ) VALUES (631400,TO_DATE('2020-04-01','YYYY-MM-DD'),22404,469,1);
INSERT INTO ao_rs1 (TTN,DVP,TMESTO,KTA,PRZ) VALUES (631401,TO_DATE('2020-04-01','YYYY-MM-DD'),30833,469,1);
INSERT INTO ao_rs1 (TTN,DVP,TMESTO,KTA,PRZ) VALUES (631403,TO_DATE('2020-04-01','YYYY-MM-DD'),23883,469,1);
INSERT INTO ao_rs1 (TTN,DVP,TMESTO,KTA,PRZ) VALUES (631404,TO_DATE('2020-04-01','YYYY-MM-DD'),18933,469,1);
INSERT INTO ao_rs1 (TTN,DVP,TMESTO,KTA,PRZ) VALUES (631405,TO_DATE('2020-04-01','YYYY-MM-DD'),29854,469,1);
INSERT INTO ao_rs1 (TTN,DVP,TMESTO,KTA,PRZ) VALUES (631406,TO_DATE('2020-04-01','YYYY-MM-DD'),30833,469,1);
INSERT INTO ao_rs1 (TTN,DVP,TMESTO,KTA,PRZ) VALUES (631407,TO_DATE('2020-04-01','YYYY-MM-DD'),31665,559,1);
INSERT INTO ao_rs1 (TTN,DVP,TMESTO,KTA,PRZ) VALUES (631435,TO_DATE('2020-04-01','YYYY-MM-DD'),31695,364,1);
INSERT INTO ao_rs1 (TTN,DVP,TMESTO,KTA,PRZ) VALUES (631448,TO_DATE('2020-04-01','YYYY-MM-DD'),30060,535,1);
INSERT INTO ao_rs1 (TTN,DVP,TMESTO,KTA,PRZ) VALUES (631449,TO_DATE('2020-04-01','YYYY-MM-DD'),31683,535,1);
INSERT INTO ao_rs1 (TTN,DVP,TMESTO,KTA,PRZ) VALUES (631455,TO_DATE('2020-04-01','YYYY-MM-DD'),9074,51,1);
INSERT INTO ao_rs1 (TTN,DVP,TMESTO,KTA,PRZ) VALUES (631458,TO_DATE('2020-04-01','YYYY-MM-DD'),31575,469,1);
INSERT INTO ao_rs1 (TTN,DVP,TMESTO,KTA,PRZ) VALUES (631460,TO_DATE('2020-04-01','YYYY-MM-DD'),31575,469,1);
INSERT INTO ao_rs1 (TTN,DVP,TMESTO,KTA,PRZ) VALUES (631468,TO_DATE('2020-04-01','YYYY-MM-DD'),9074,51,1);
INSERT INTO ao_rs1 (TTN,DVP,TMESTO,KTA,PRZ) VALUES (631541,TO_DATE('2020-04-02','YYYY-MM-DD'),510,469,1);
INSERT INTO ao_rs1 (TTN,DVP,TMESTO,KTA,PRZ) VALUES (631591,TO_DATE('2020-04-02','YYYY-MM-DD'),1878,535,1);
INSERT INTO ao_rs1 (TTN,DVP,TMESTO,KTA,PRZ) VALUES (631592,TO_DATE('2020-04-02','YYYY-MM-DD'),31438,535,1);
INSERT INTO ao_rs1 (TTN,DVP,TMESTO,KTA,PRZ) VALUES (631593,TO_DATE('2020-04-02','YYYY-MM-DD'),28483,535,1);
INSERT INTO ao_rs1 (TTN,DVP,TMESTO,KTA,PRZ) VALUES (631594,TO_DATE('2020-04-02','YYYY-MM-DD'),30710,535,1);
INSERT INTO ao_rs1 (TTN,DVP,TMESTO,KTA,PRZ) VALUES (631634,TO_DATE('2020-04-02','YYYY-MM-DD'),30526,594,1);
INSERT INTO ao_rs1 (TTN,DVP,TMESTO,KTA,PRZ) VALUES (631637,TO_DATE('2020-04-02','YYYY-MM-DD'),6463,594,1);
INSERT INTO ao_rs1 (TTN,DVP,TMESTO,KTA,PRZ) VALUES (631641,TO_DATE('2020-04-02','YYYY-MM-DD'),22944,594,1);
INSERT INTO ao_rs1 (TTN,DVP,TMESTO,KTA,PRZ) VALUES (631643,TO_DATE('2020-04-02','YYYY-MM-DD'),28564,594,1);
INSERT INTO ao_rs1 (TTN,DVP,TMESTO,KTA,PRZ) VALUES (631644,TO_DATE('2020-04-02','YYYY-MM-DD'),27283,594,1);
INSERT INTO ao_rs1 (TTN,DVP,TMESTO,KTA,PRZ) VALUES (631645,TO_DATE('2020-04-02','YYYY-MM-DD'),27283,594,1);
INSERT INTO ao_rs1 (TTN,DVP,TMESTO,KTA,PRZ) VALUES (631646,TO_DATE('2020-04-02','YYYY-MM-DD'),21943,594,1);
INSERT INTO ao_rs1 (TTN,DVP,TMESTO,KTA,PRZ) VALUES (631647,TO_DATE('2020-04-02','YYYY-MM-DD'),24895,594,1);
INSERT INTO ao_rs1 (TTN,DVP,TMESTO,KTA,PRZ) VALUES (631648,TO_DATE('2020-04-02','YYYY-MM-DD'),21935,594,1);
INSERT INTO ao_rs1 (TTN,DVP,TMESTO,KTA,PRZ) VALUES (631649,TO_DATE('2020-04-02','YYYY-MM-DD'),14071,594,1);
INSERT INTO ao_rs1 (TTN,DVP,TMESTO,KTA,PRZ) VALUES (631700,TO_DATE('2020-04-02','YYYY-MM-DD'),31708,535,1);
INSERT INTO ao_rs1 (TTN,DVP,TMESTO,KTA,PRZ) VALUES (631702,TO_DATE('2020-04-02','YYYY-MM-DD'),30642,559,1);
INSERT INTO ao_rs1 (TTN,DVP,TMESTO,KTA,PRZ) VALUES (631703,TO_DATE('2020-04-02','YYYY-MM-DD'),30805,559,1);
INSERT INTO ao_rs1 (TTN,DVP,TMESTO,KTA,PRZ) VALUES (631728,TO_DATE('2020-04-02','YYYY-MM-DD'),31581,592,1);
INSERT INTO ao_rs1 (TTN,DVP,TMESTO,KTA,PRZ) VALUES (631730,TO_DATE('2020-04-02','YYYY-MM-DD'),30292,592,1);
INSERT INTO ao_rs1 (TTN,DVP,TMESTO,KTA,PRZ) VALUES (631731,TO_DATE('2020-04-02','YYYY-MM-DD'),31211,592,1);
INSERT INTO ao_rs1 (TTN,DVP,TMESTO,KTA,PRZ) VALUES (631735,TO_DATE('2020-04-02','YYYY-MM-DD'),30665,592,1);
INSERT INTO ao_rs1 (TTN,DVP,TMESTO,KTA,PRZ) VALUES (631736,TO_DATE('2020-04-02','YYYY-MM-DD'),20444,592,1);
INSERT INTO ao_rs1 (TTN,DVP,TMESTO,KTA,PRZ) VALUES (631737,TO_DATE('2020-04-02','YYYY-MM-DD'),31629,592,1);
INSERT INTO ao_rs1 (TTN,DVP,TMESTO,KTA,PRZ) VALUES (631738,TO_DATE('2020-04-02','YYYY-MM-DD'),24446,592,1);
INSERT INTO ao_rs1 (TTN,DVP,TMESTO,KTA,PRZ) VALUES (631739,TO_DATE('2020-04-02','YYYY-MM-DD'),31269,469,1);
INSERT INTO ao_rs1 (TTN,DVP,TMESTO,KTA,PRZ) VALUES (631740,TO_DATE('2020-04-02','YYYY-MM-DD'),31212,469,1);
INSERT INTO ao_rs1 (TTN,DVP,TMESTO,KTA,PRZ) VALUES (631741,TO_DATE('2020-04-02','YYYY-MM-DD'),31235,469,1);
INSERT INTO ao_rs1 (TTN,DVP,TMESTO,KTA,PRZ) VALUES (631742,TO_DATE('2020-04-02','YYYY-MM-DD'),29851,469,1);
INSERT INTO ao_rs1 (TTN,DVP,TMESTO,KTA,PRZ) VALUES (631743,TO_DATE('2020-04-02','YYYY-MM-DD'),30017,469,1);
INSERT INTO ao_rs1 (TTN,DVP,TMESTO,KTA,PRZ) VALUES (631744,TO_DATE('2020-04-02','YYYY-MM-DD'),24632,469,1);
INSERT INTO ao_rs1 (TTN,DVP,TMESTO,KTA,PRZ) VALUES (631746,TO_DATE('2020-04-02','YYYY-MM-DD'),25118,469,1);
INSERT INTO ao_rs1 (TTN,DVP,TMESTO,KTA,PRZ) VALUES (631772,TO_DATE('2020-04-02','YYYY-MM-DD'),31207,364,1);
INSERT INTO ao_rs1 (TTN,DVP,TMESTO,KTA,PRZ) VALUES (631773,TO_DATE('2020-04-02','YYYY-MM-DD'),833,364,1);
INSERT INTO ao_rs1 (TTN,DVP,TMESTO,KTA,PRZ) VALUES (631776,TO_DATE('2020-04-02','YYYY-MM-DD'),31298,364,1);
INSERT INTO ao_rs1 (TTN,DVP,TMESTO,KTA,PRZ) VALUES (631777,TO_DATE('2020-04-02','YYYY-MM-DD'),31298,364,1);
INSERT INTO ao_rs1 (TTN,DVP,TMESTO,KTA,PRZ) VALUES (631778,TO_DATE('2020-04-02','YYYY-MM-DD'),31207,364,1);
INSERT INTO ao_rs1 (TTN,DVP,TMESTO,KTA,PRZ) VALUES (631779,TO_DATE('2020-04-02','YYYY-MM-DD'),31298,364,1);
INSERT INTO ao_rs1 (TTN,DVP,TMESTO,KTA,PRZ) VALUES (631786,TO_DATE('2020-04-02','YYYY-MM-DD'),3651,594,1);
INSERT INTO ao_rs1 (TTN,DVP,TMESTO,KTA,PRZ) VALUES (631848,TO_DATE('2020-04-03','YYYY-MM-DD'),10908,559,1);
INSERT INTO ao_rs1 (TTN,DVP,TMESTO,KTA,PRZ) VALUES (631849,TO_DATE('2020-04-03','YYYY-MM-DD'),15792,559,1);
INSERT INTO ao_rs1 (TTN,DVP,TMESTO,KTA,PRZ) VALUES (631850,TO_DATE('2020-04-03','YYYY-MM-DD'),30462,535,1);
INSERT INTO ao_rs1 (TTN,DVP,TMESTO,KTA,PRZ) VALUES (631853,TO_DATE('2020-04-03','YYYY-MM-DD'),28338,535,1);
-- ao_kpl
INSERT INTO ao_kpl (KKL,NKL,ADR) VALUES (2068018,'ФОП ПИВЕНЬ ТЕТЯНА МИКОЛАЇВНА','42000,Сумська обл.,м.Ромни,вул.П.Калнишевського,буд.34,кв.40');
INSERT INTO ao_kpl (KKL,NKL,ADR) VALUES (20034,'I','СУМЫ, УЛ. СКРЯБИНА, 7');
INSERT INTO ao_kpl (KKL,NKL,ADR) VALUES (3006217,'ТОВ "ВОРОЖБА"','41811,Сумська обл.,Бiлопiльський р-н,м.Ворожба,вул.Ленiна,буд.5');
INSERT INTO ao_kpl (KKL,NKL,ADR) VALUES (2144902,'ФОП МОМОТ МИКОЛА ВАСИЛЬОВИЧ','42130,Сумська обл.,Недригайлiвський р-н,с.Хоружiвка,вул.Циса,буд.1');
INSERT INTO ao_kpl (KKL,NKL,ADR) VALUES (2111252,'ПРИВАТНА ФIРМА "ЛУЧ"','40024,Сумська обл., м.Суми, вул.Харкiвська,буд.41');
INSERT INTO ao_kpl (KKL,NKL,ADR) VALUES (3144804,'ФОП КАЛIНIЧЕНКО IРИНА ПАВЛIВНА','40000,Сумська обл., м.Суми,вул.Робiтнича,буд.14');
INSERT INTO ao_kpl (KKL,NKL,ADR) VALUES (2241009,'ФОП ПИЛЕНКО МИКОЛА ВАСИЛЬОВИЧ','42400,Сумська обл.,смт Краснопiлля,вул.Калiнiна,буд.29,кв.2');
INSERT INTO ao_kpl (KKL,NKL,ADR) VALUES (1628012,'ФОП БЕЗУЛИЙ ПЕТРО IВАНОВИЧ','40011,Сумська обл.,м.Суми,вул.Супруна,буд.14,кв.63');
INSERT INTO ao_kpl (KKL,NKL,ADR) VALUES (2173014,'ФОП ТIШИК ОЛЬГА ЛЕОНIДIВНА','40030,Сумська обл.,м.Суми,вул.Труда,буд.32,кв.160');
INSERT INTO ao_kpl (KKL,NKL,ADR) VALUES (2305815,'ФОП ЛЕВЧЕНКО ВОЛОДИМИР АНДРIЙОВИЧ','40030,Сумська обл.,м.Суми, просп.М.Лушпи,буд.51,кв.53');
INSERT INTO ao_kpl (KKL,NKL,ADR) VALUES (2798208,'ФОП БУРКА РОМАН АНАТОЛIЙОВИЧ','42000,Сумська обл.,м.Ромни,вул.Маяковського,буд.79,кв.52');
INSERT INTO ao_kpl (KKL,NKL,ADR) VALUES (2235817,'ФОП ЧАЙКА ЛЮБОВ IВАНIВНА','40000,Сумська обл,м.Суми,вул.Ковпака,буд.73,кв.56');
INSERT INTO ao_kpl (KKL,NKL,ADR) VALUES (2333904,'ФОП МIШУРА НАТАЛIЯ IВАНIВНА','40034,Сумська обл.,м.Суми,вул.Iвана Ciрка,буд.19,кв.16');
INSERT INTO ao_kpl (KKL,NKL,ADR) VALUES (2801615,'ФОП ЯНЧЕНКО ВIТАЛIЙ АНАТОЛIЙОВИЧ','40030,Сумська обл.,м.Суми,вул.Ковпака,буд.29,кв.33');
INSERT INTO ao_kpl (KKL,NKL,ADR) VALUES (2173415,'ФОП ПАРФЕНЕНКО ВАСИЛЬ ПАВЛОВИЧ','40000,Сумська обл.,м.Суми,вул.2 Продольна,буд.2');
INSERT INTO ao_kpl (KKL,NKL,ADR) VALUES (2577304,'ФОП ЛИХВАР ЮЛIЯ АНАТОЛIЇВНА','40030,Сумська обл.,м.Суми,вул.Петропавлiвська буд.87 кв.5');
INSERT INTO ao_kpl (KKL,NKL,ADR) VALUES (3184103,'ФОП МАТЮШЕНКО АННА IГОРIВНА','40000,Сумська обл.,м.Суми,вул.Металургiв,буд.32-Б,кв.175');
INSERT INTO ao_kpl (KKL,NKL,ADR) VALUES (2634703,'ФОП ЩЕРБАНЬ НАТАЛIЯ МИКОЛАЇВНА','42006,Сумська обл.,м.Ромни,1-пров.Свободи,буд.10');
INSERT INTO ao_kpl (KKL,NKL,ADR) VALUES (3285803,'ФОП ГРИШКО ДМИТРО ЮРIЙОВИЧ','40000,Сумська обл.,м.Суми,вул.20 рокiв Перемоги,буд.43');
INSERT INTO ao_kpl (KKL,NKL,ADR) VALUES (2725516,'ФОП ЛОГВИНА ТЕТЯНА ВОЛОДИМИРIВНА','40490,Сумська обл., м.Суми,с.Пiщане,вул.Новопоселенська,буд.4');
INSERT INTO ao_kpl (KKL,NKL,ADR) VALUES (2528515,'ФОП ПРЯДКО МИКОЛА ВАСИЛЬОВИЧ','40022,Сумська обл.,м.Суми,вул.Троїцька,буд.45,кв.2');
INSERT INTO ao_kpl (KKL,NKL,ADR) VALUES (2671603,'ФОП ЧУМАК СВIТЛАНА IВАНIВНА','40007,Сумська обл.,м.Суми,проїзд 3-й Парковий,буд.6,кв.79');
INSERT INTO ao_kpl (KKL,NKL,ADR) VALUES (3013809,'ФОП ДИМИТРОВА ОЛЕНА ВОЛОДИМИРIВНА','40024,Сумська обл.,м.Суми,вул.Зеленко,буд.14,кв.83');
INSERT INTO ao_kpl (KKL,NKL,ADR) VALUES (1827714,'ФОП КУЗIНОВА РАЇСА МИХАЙЛIВНА','42400,Сумська обл.,смт Краснопiлля,вул.I.Франка,буд.7');
INSERT INTO ao_kpl (KKL,NKL,ADR) VALUES (3150213,'ФОП БУРДО ВIКТОРIЯ ОЛЕКСIЇВНА','40007,Сумська обл.,м.Суми,Зарiчний р-н,вул.Глiнки,буд.40');
INSERT INTO ao_kpl (KKL,NKL,ADR) VALUES (3131103,'ФОП ОРЛОВСЬКИЙ ГЕРМАН ОЛЕКСАНДРОВИЧ','40000,Сумська обл.,м.Суми,вул.Робiтниче Селище,буд.14');
INSERT INTO ao_kpl (KKL,NKL,ADR) VALUES (2787502,'ФОП ПЕРЕВАЙ НАТАЛIЯ ФЕДОРIВНА','40304,Сумська обл.,Сумський р-н,смт Степанiвка,вул.Центральна,буд.31,кв.22');
INSERT INTO ao_kpl (KKL,NKL,ADR) VALUES (2839722,'ФОП ШАМIЛОВ БАДРI ЖАМАЛОВИЧ','40035,Сумська обл.,м.Суми,вул.Заливна,буд.31,кв.214');
INSERT INTO ao_kpl (KKL,NKL,ADR) VALUES (3051014,'ФОП МОВЧАН АННА ОЛЕКСАНДРIВНА','40024,Сумська обл.,м.Суми,вул.Харкiвська,буд.30/2,кв.623-624');
INSERT INTO ao_kpl (KKL,NKL,ADR) VALUES (2866206,'ФОП ПУЗЬ ОЛЕНА ТИХОНIВНА','42826,Сумська обл.,Великописарiвський р-н,с.Солдатське,вул.Нижня,буд.38');
INSERT INTO ao_kpl (KKL,NKL,ADR) VALUES (2898317,'ФОП КОЛЕСНИК МИКОЛА ОЛЕКСIЙОВИЧ','42001,Сумська обл.,м.Ромни,вул.Горького,буд.56,кв.124');
INSERT INTO ao_kpl (KKL,NKL,ADR) VALUES (2547112,'ФОП БОБОШКО НАТАЛIЯ МИКОЛАЇВНА','40002,Сумська обл.,м.Суми,вул.Роменська,буд.96,кв.12');
INSERT INTO ao_kpl (KKL,NKL,ADR) VALUES (3247101,'ФОП МИСIК АННА СЕРГIЇВНА','40034,Сумська обл.,м.Суми,вул.Заливна,буд.13');
INSERT INTO ao_kpl (KKL,NKL,ADR) VALUES (3548305,'ФОП ЯЗЄВ ЄВГЕН ОЛЕКСАНДРОВИЧ','42000,Сумська обл.,м.Ромны,вул.Коржiвська,буд.94,кв.9');
INSERT INTO ao_kpl (KKL,NKL,ADR) VALUES (3018207,'ФОП ЛУКАШ ОЛЬГА ЛЕОНIДIВНА','40009,Сумська обл.,м.Суми,Ковпакiвський р-н,вул.Засумська,буд.16-Б,кв.159');
INSERT INTO ao_kpl (KKL,NKL,ADR) VALUES (2147322,'ФОП ЧЕРНИШ IГОР ВАЛЕНТИНОВИЧ','42334 Сумська обл.Сумський р-н с.Токарi вул.Партизанська 35');
INSERT INTO ao_kpl (KKL,NKL,ADR) VALUES (2168006,'ФОП КОБЗАР МАРIЯ ВОЛОДИМИРIВНА','42342,Сумська обл.,Сумський р-н,с.Косовщина,вул.Садова,буд.8,кв.18');
INSERT INTO ao_kpl (KKL,NKL,ADR) VALUES (3099020,'ФОП БЕЙ ОЛЕКСАНДР ВАСИЛЬОВИЧ','40035,Сумська обл.,м.Суми,вул.Iвана Сiрка,буд.15,кв.276');
INSERT INTO ao_kpl (KKL,NKL,ADR) VALUES (3522204,'ФОП КОНОТОП ТЕТЯНА ВIКТОРIВНА','40000,Сумська обл.,м.Суми,вул.Новомiстинська,буд.28,кв.21');
INSERT INTO ao_kpl (KKL,NKL,ADR) VALUES (2568805,'ФОП ДЕМЧЕНКО ОЛЕНА МИКОЛАЇВНА','40007,Сумська обл.,м.Суми,вул.Р-Корсакова,буд.14,кв.20');
INSERT INTO ao_kpl (KKL,NKL,ADR) VALUES (2831818,'ФОП СЕВЕРИН ОЛЕНА ВОЛОДИМИРIВНА','40004,Сумська обл.,м.Суми,вул.Ремiснича,буд.15,кв.97');
INSERT INTO ao_kpl (KKL,NKL,ADR) VALUES (2925217,'ФОП ЯКШИГУЛОВА ОКСАНА ВОЛОДИМИРIВНА','40000,Сумська обл.,м.Суми,вул.Супруна,буд.17/1,кв.62');
INSERT INTO ao_kpl (KKL,NKL,ADR) VALUES (1471920,'ФОП КУНЕЦЬ ТЕТЯНА МАРКIВНА','42400,Сумська обл.,смт Краснопiлля, вул.Пушкiна,буд.56');
INSERT INTO ao_kpl (KKL,NKL,ADR) VALUES (3995020,'ФОП ЄВТУШЕНКО СВIТЛАНА ВОЛОДИМИРIВНА','42700,Сумська обл.,м.Охтирка,пров.Урожайний,буд.32');
INSERT INTO ao_kpl (KKL,NKL,ADR) VALUES (2605004,'ФОП ЛЯБАХ ЗОЯ МИКОЛАЇВНА','42700,Сумська обл.,м.Охтирка,пров.Правдинський,буд.15');
INSERT INTO ao_kpl (KKL,NKL,ADR) VALUES (3143407,'ФОП СIРОБАБЕНКО ЄВГЕН ЄВГЕНОВИЧ','40034,Сумська обл.,м.Суми,проспект М.Лушпи,буд.31,кв.101');
INSERT INTO ao_kpl (KKL,NKL,ADR) VALUES (2677800,'ФОП КЛIМЕНЧЕНКО ОКСАНА ВIКТОРIВНА','40000б,Сумсська обл.,м.Суми,вул.Харькiвська,буд.22,кв.612');
-- ao_kgp
INSERT INTO ao_kgp (KGp,NGrpol) VALUES (8000146,'М-Н ГЕРIВКА');
INSERT INTO ao_kgp (KGp,NGrpol) VALUES (8000260,'М-Н ВИЗИТ /БУРКА/');
INSERT INTO ao_kgp (KGp,NGrpol) VALUES (8000336,'М-Н МАЯК РОМНЫ');
INSERT INTO ao_kgp (KGp,NGrpol) VALUES (8000374,'М-Н ЛОТОС РОМНЫ');
INSERT INTO ao_kgp (KGp,NGrpol) VALUES (8000414,'М-Н МАГНОЛИЯ РОМНЫ');
INSERT INTO ao_kgp (KGp,NGrpol) VALUES (8000957,'М-Н ОБЖОРКА-2 АХТЫРКА');
INSERT INTO ao_kgp (KGp,NGrpol) VALUES (8001137,'М-Н МЯСОКОМБИНАТ ВОРОЖБА');
INSERT INTO ao_kgp (KGp,NGrpol) VALUES (8001161,'М-Н ТРОЯНДА-1');
INSERT INTO ao_kgp (KGp,NGrpol) VALUES (8460037,'М-Н "КОШИК-МАРКЕТ" ЦУМ');
INSERT INTO ao_kgp (KGp,NGrpol) VALUES (2639022,'М-Н PRESS-ТИЖ ЛОТОС');
INSERT INTO ao_kgp (KGp,NGrpol) VALUES (2778492,'М-Н "КОШИК" ЗАСУМСКАЯ');
INSERT INTO ao_kgp (KGp,NGrpol) VALUES (8460341,'М-Н САМ МАРКЕТ 21');
INSERT INTO ao_kgp (KGp,NGrpol) VALUES (8460365,'М-Н ПРОДУКТЫ /СПД ТИШИК/');
INSERT INTO ao_kgp (KGp,NGrpol) VALUES (8460288,'М-Н ПРОДУКТЫ /СПД МАТЮШЕНКО/');
INSERT INTO ao_kgp (KGp,NGrpol) VALUES (8460364,'М-Н САМ МАРКЕТ КОВПАКА');
INSERT INTO ao_kgp (KGp,NGrpol) VALUES (8460366,'М-Н ПРОДУКТЫ /ПУЗЬ/');
INSERT INTO ao_kgp (KGp,NGrpol) VALUES (8460344,'М-Н ПРОДУКТЫ ПР.КУРСКИЙ /ЛЕВЧЕНКО/');
INSERT INTO ao_kgp (KGp,NGrpol) VALUES (3218628,'М-Н МАНДАРИН ЧЕРЕПИНА');
INSERT INTO ao_kgp (KGp,NGrpol) VALUES (8460216,'М-Н САМ МАРКЕТ ЛУШПЫ 7');
INSERT INTO ao_kgp (KGp,NGrpol) VALUES (8460123,'М-Н 43 Я.МУДРОГО');
INSERT INTO ao_kgp (KGp,NGrpol) VALUES (8460026,'М-Н САМ МАРКЕТ ОКЕАН');
INSERT INTO ao_kgp (KGp,NGrpol) VALUES (2329092,'М-Н НАШ МАРКЕТ СКД');
INSERT INTO ao_kgp (KGp,NGrpol) VALUES (2523306,'М-Н ВЕСЕЛКА КОВПАКА');
INSERT INTO ao_kgp (KGp,NGrpol) VALUES (8460184,'М-Н "AMBAR" ПРОКОФЬЕВСКИЙ');
INSERT INTO ao_kgp (KGp,NGrpol) VALUES (8460369,'КИОСК ДЕТСК. БОЛЬНИЦА /ЧАЙКА/');
INSERT INTO ao_kgp (KGp,NGrpol) VALUES (2111253,'М-Н ЛУЧ-1 ХАРЬКОВСКАЯ');
INSERT INTO ao_kgp (KGp,NGrpol) VALUES (8460559,'М-Н ПРОДУКТЫ ЧАПАЕВА /ЛИТВИНЕНКО/');
INSERT INTO ao_kgp (KGp,NGrpol) VALUES (8002059,'М-Н КАПРИЗ-5 САМОТОЕВКА');
INSERT INTO ao_kgp (KGp,NGrpol) VALUES (8002512,'КИОСК АЙСБЕРГ /ГРОБОВ/');
INSERT INTO ao_kgp (KGp,NGrpol) VALUES (8003099,'М-Н КАПРИЗ-7 МАРКЕТ');
INSERT INTO ao_kgp (KGp,NGrpol) VALUES (8460990,'М-Н ГАСТРОНОМЧИК СОБОРНАЯ');
INSERT INTO ao_kgp (KGp,NGrpol) VALUES (8460996,'М-Н НАШ МАРКЕТ КУРСКИЙ');
INSERT INTO ao_kgp (KGp,NGrpol) VALUES (8461045,'М-Н ПРОДУКТЫ ЗАЛИВНАЯ /ШАФОРОСТ/');
INSERT INTO ao_kgp (KGp,NGrpol) VALUES (8461101,'М-Н "AMBAR" СКД');
INSERT INTO ao_kgp (KGp,NGrpol) VALUES (8461128,'М-Н "ГАСТРОНОМЪ" ПОКРОВСКАЯ');
INSERT INTO ao_kgp (KGp,NGrpol) VALUES (8461130,'М-Н ПРОДУКТЫ КОРОТЧЕНКО /ЯНЧЕНКО/');
INSERT INTO ao_kgp (KGp,NGrpol) VALUES (8460186,'М-Н "КОШИК-МАРКЕТ" РОСИНКА');
INSERT INTO ao_kgp (KGp,NGrpol) VALUES (8003807,'М-Н "ФРЕШ" РОМНЫ');
INSERT INTO ao_kgp (KGp,NGrpol) VALUES (3210441,'М-Н "КОШИК-МАРКЕТ" ТЦ АТРИУМ');
INSERT INTO ao_kgp (KGp,NGrpol) VALUES (8461311,'М-Н МОЛОЧНЫЙ-1 СУМСЕЛЬМАШ');
INSERT INTO ao_kgp (KGp,NGrpol) VALUES (8461416,'М-Н МОЛОЧНЫЙ-1 ШЕВЧЕНКО');
INSERT INTO ao_kgp (KGp,NGrpol) VALUES (2937614,'М-Н "КОШИК-МАРКЕТ" ТРОИЦКИЙ');
INSERT INTO ao_kgp (KGp,NGrpol) VALUES (8461441,'М-Н АЖИОТАЖ ИЛЬИНСКАЯ');
INSERT INTO ao_kgp (KGp,NGrpol) VALUES (20555,'М-Н ПРОДУКТЫ 223');
INSERT INTO ao_kgp (KGp,NGrpol) VALUES (1116763,'М-Н САМ МАРКЕТ ЛУШПЫ 39');
INSERT INTO ao_kgp (KGp,NGrpol) VALUES (8005178,'М-Н МАЛИНА РОМНЫ');
INSERT INTO ao_kgp (KGp,NGrpol) VALUES (8461717,'М-Н КОМОРА ПРОКОФЬЕВА');
INSERT INTO ao_kgp (KGp,NGrpol) VALUES (8461035,'М-Н КЛУНОК ПРОКОФЬЕВА');
INSERT INTO ao_kgp (KGp,NGrpol) VALUES (8005294,'М-Н "КОШИК-МАРКЕТ" АХТЫРКА');
